2025-01-18 12:54:24 #739(main) lua; lua_cfg_transform.lua:161: group excessqp has no symbols
2025-01-18 12:54:24 #739(main) lua; lua_cfg_transform.lua:161: group excessb64 has no symbols
2025-01-18 12:54:24 #739(main) <>; lua; lua_cfg_transform.lua:510: enable `options.check_all_filters` for neural network
2025-01-18 12:54:24 #739(main) <>; lua; lua_cfg_transform.lua:568: converted surbl rules to rbl rules
2025-01-18 12:54:24 #739(main) <>; lua; lua_cfg_transform.lua:582: converted emails rules to rbl rules
2025-01-18 12:54:24 #739(main) cfg; rspamd_rcl_maybe_apply_lua_transform: configuration has been transformed in Lua
2025-01-18 12:54:24 #739(main) <xowmzq>; cfg; rspamd_config_set_action_score: action greylist has been already registered with priority 0, override it with new priority: 0, old score: nan
2025-01-18 12:54:24 #739(main) <xowmzq>; cfg; rspamd_config_set_action_score: action add header has been already registered with priority 0, override it with new priority: 0, old score: nan
2025-01-18 12:54:24 #739(main) <xowmzq>; cfg; rspamd_config_set_action_score: action reject has been already registered with priority 0, override it with new priority: 0, old score: nan
2025-01-18 12:54:24 #739(main) rspamd_regexp_library_init: pcre2 is compiled with JIT for x86 64bit (little endian + unaligned)
2025-01-18 12:54:24 #739(main) <xowmzq>; lua; lua_redis.lua:574: use default Redis settings for neural
2025-01-18 12:54:24 #739(main) <xowmzq>; lua; init.lua:58: controller plugin maps; register webui path query
2025-01-18 12:54:24 #739(main) <xowmzq>; lua; init.lua:58: controller plugin maps; register webui path query_specific
2025-01-18 12:54:24 #739(main) <xowmzq>; lua; init.lua:58: controller plugin maps; register webui path list
2025-01-18 12:54:24 #739(main) <xowmzq>; lua; init.lua:58: controller plugin neural; register webui path learn
2025-01-18 12:54:24 #739(main) <xowmzq>; lua; init.lua:58: controller plugin selectors; register webui path list_transforms
2025-01-18 12:54:24 #739(main) <xowmzq>; lua; init.lua:58: controller plugin selectors; register webui path check_message
2025-01-18 12:54:24 #739(main) <xowmzq>; lua; init.lua:58: controller plugin selectors; register webui path list_extractors
2025-01-18 12:54:24 #739(main) <xowmzq>; lua; init.lua:58: controller plugin selectors; register webui path check_selector
2025-01-18 12:54:25 #739(main) <xowmzq>; cfg; rspamd_language_detector_init: loaded 46 languages, 33122 trigramms
2025-01-18 12:54:25 #739(main) <xowmzq>; cfg; chartable_module_config: init internal chartable module
2025-01-18 12:54:25 #739(main) <xowmzq>; cfg; dkim_module_config: init internal dkim module
2025-01-18 12:54:25 #739(main) <xowmzq>; cfg; rspamd_mime_expr_parse: added condition for regexp /\b[13LM][1-9A-Za-z]{25,34}\b/AL{sa_body}
2025-01-18 12:54:25 #739(main) <xowmzq>; cfg; rspamd_mime_expr_parse: added condition for regexp /\b(?:[a-zA-Z]\w+:)?[qpzry9x8gf2tvdw0s3jn54khce6mua7l]{14,}\b/AL{sa_body}
2025-01-18 12:54:25 #739(main) <xowmzq>; cfg; regexp_module_config: init internal regexp module, 127 regexp rules and 0 lua rules are loaded
2025-01-18 12:54:25 #739(main) <xowmzq>; cfg; fuzzy_parse_rule: added fuzzy rule FUZZY_UNKNOWN, key: ef43ae80cc8d, shingles_key: ef43ae80cc8d, algorithm: mum
2025-01-18 12:54:25 #739(main) <xowmzq>; cfg; fuzzy_check_module_config: init internal fuzzy_check module, 1 rules loaded
2025-01-18 12:54:25 #739(main) <xowmzq>; lua; lua_redis.lua:574: use default Redis settings for antivirus
2025-01-18 12:54:25 #739(main) <xowmzq>; cfg; rspamd_init_lua_filters: init lua module antivirus from /usr/share/rspamd/plugins/antivirus.lua; digest: 13439b8ded
2025-01-18 12:54:25 #739(main) <xowmzq>; cfg; rspamd_init_lua_filters: init lua module arc from /usr/share/rspamd/plugins/arc.lua; digest: 5c7f784d04
2025-01-18 12:54:25 #739(main) <xowmzq>; cfg; rspamd_init_lua_filters: init lua module asn from /usr/share/rspamd/plugins/asn.lua; digest: ce91e6936f
2025-01-18 12:54:25 #739(main) <xowmzq>; cfg; rspamd_init_lua_filters: init lua module bayes_expiry from /usr/share/rspamd/plugins/bayes_expiry.lua; digest: ee3b1b1e41
2025-01-18 12:54:25 #739(main) <xowmzq>; lua; clickhouse.lua:1321: no servers are specified, disabling module
2025-01-18 12:54:25 #739(main) <xowmzq>; cfg; rspamd_init_lua_filters: init lua module clickhouse from /usr/share/rspamd/plugins/clickhouse.lua; digest: b0804b033f
2025-01-18 12:54:25 #739(main) <xowmzq>; cfg; rspamd_config_is_module_enabled: lua module clustering is enabled but has not been configured
2025-01-18 12:54:25 #739(main) <xowmzq>; cfg; rspamd_config_is_module_enabled: clustering disabling unconfigured lua module
2025-01-18 12:54:25 #739(main) <xowmzq>; cfg; rspamd_config_is_module_enabled: lua module dcc is disabled in the configuration
2025-01-18 12:54:25 #739(main) <xowmzq>; cfg; rspamd_config_is_module_enabled: lua module dkim_signing is disabled in the configuration
2025-01-18 12:54:25 #739(main) <xowmzq>; cfg; rspamd_init_lua_filters: init lua module dmarc from /usr/share/rspamd/plugins/dmarc.lua; digest: c877a4031c
2025-01-18 12:54:25 #739(main) <xowmzq>; cfg; rspamd_config_is_module_enabled: lua module dynamic_conf is enabled but has not been configured
2025-01-18 12:54:25 #739(main) <xowmzq>; cfg; rspamd_config_is_module_enabled: dynamic_conf disabling unconfigured lua module
2025-01-18 12:54:25 #739(main) <xowmzq>; lua; lua_redis.lua:574: use default Redis settings for elastic
2025-01-18 12:54:25 #739(main) <xowmzq>; lua; elastic.lua:482: no servers are specified, disabling module
2025-01-18 12:54:25 #739(main) <xowmzq>; cfg; rspamd_init_lua_filters: init lua module elastic from /usr/share/rspamd/plugins/elastic.lua; digest: 159b502b77
2025-01-18 12:54:25 #739(main) <xowmzq>; cfg; rspamd_init_lua_filters: init lua module emails from /usr/share/rspamd/plugins/emails.lua; digest: 7ecf38ef46
2025-01-18 12:54:25 #739(main) <xowmzq>; lua; lua_redis.lua:574: use default Redis settings for external_services
2025-01-18 12:54:25 #739(main) <xowmzq>; cfg; rspamd_init_lua_filters: init lua module external_services from /usr/share/rspamd/plugins/external_services.lua; digest: 112c496fb3
2025-01-18 12:54:25 #739(main) <xowmzq>; cfg; rspamd_init_lua_filters: init lua module force_actions from /usr/share/rspamd/plugins/force_actions.lua; digest: 0ea3aace5a
2025-01-18 12:54:25 #739(main) <xowmzq>; cfg; rspamd_init_lua_filters: init lua module forged_recipients from /usr/share/rspamd/plugins/forged_recipients.lua; digest: c174a4bd2f
2025-01-18 12:54:25 #739(main) <xowmzq>; cfg; rspamd_config_is_module_enabled: lua module fuzzy_collect is enabled but has not been configured
2025-01-18 12:54:25 #739(main) <xowmzq>; cfg; rspamd_config_is_module_enabled: fuzzy_collect disabling unconfigured lua module
2025-01-18 12:54:25 #739(main) <xowmzq>; cfg; rspamd_config_is_module_enabled: lua module greylist is disabled in the configuration
2025-01-18 12:54:25 #739(main) <xowmzq>; cfg; rspamd_init_lua_filters: init lua module hfilter from /usr/share/rspamd/plugins/hfilter.lua; digest: d05defaac1
2025-01-18 12:54:25 #739(main) <xowmzq>; lua; lua_redis.lua:574: use default Redis settings for history_redis
2025-01-18 12:54:25 #739(main) <xowmzq>; cfg; rspamd_init_lua_filters: init lua module history_redis from /usr/share/rspamd/plugins/history_redis.lua; digest: e26aac0644
2025-01-18 12:54:25 #739(main) <xowmzq>; cfg; rspamd_config_is_module_enabled: lua module http_headers is disabled in the configuration
2025-01-18 12:54:25 #739(main) <xowmzq>; cfg; rspamd_config_is_module_enabled: lua module ip_score is enabled but has not been configured
2025-01-18 12:54:25 #739(main) <xowmzq>; cfg; rspamd_config_is_module_enabled: ip_score disabling unconfigured lua module
2025-01-18 12:54:25 #739(main) <xowmzq>; cfg; rspamd_init_lua_filters: init lua module maillist from /usr/share/rspamd/plugins/maillist.lua; digest: 553bb408fe
2025-01-18 12:54:25 #739(main) <xowmzq>; cfg; rspamd_config_is_module_enabled: lua module maps_stats is enabled but has not been configured
2025-01-18 12:54:25 #739(main) <xowmzq>; cfg; rspamd_config_is_module_enabled: maps_stats disabling unconfigured lua module
2025-01-18 12:54:25 #739(main) <xowmzq>; cfg; rspamd_init_lua_filters: init lua module metadata_exporter from /usr/share/rspamd/plugins/metadata_exporter.lua; digest: 488583ed3f
2025-01-18 12:54:25 #739(main) <xowmzq>; cfg; rspamd_init_lua_filters: init lua module metric_exporter from /usr/share/rspamd/plugins/metric_exporter.lua; digest: c64704d4a8
2025-01-18 12:54:25 #739(main) <xowmzq>; cfg; rspamd_map_parse_backend: map '/etc/rspamd/local.d/maps.d/mid.inc' is not found, but it can be loaded automatically later
2025-01-18 12:54:25 #739(main) <xowmzq>; cfg; rspamd_map_parse_backend: map '/etc/rspamd/local.d/mid.inc' is not found, but it can be loaded automatically later
2025-01-18 12:54:25 #739(main) <xowmzq>; cfg; rspamd_init_lua_filters: init lua module mid from /usr/share/rspamd/plugins/mid.lua; digest: eaabb03713
2025-01-18 12:54:25 #739(main) <xowmzq>; lua; milter_headers.lua:655: active routines [remove-spam-flag]
2025-01-18 12:54:25 #739(main) <xowmzq>; cfg; rspamd_init_lua_filters: init lua module milter_headers from /usr/share/rspamd/plugins/milter_headers.lua; digest: 4da9da0ce6
2025-01-18 12:54:25 #739(main) <xowmzq>; cfg; rspamd_map_parse_backend: map '/etc/rspamd/local.d/maps.d/mime_types.inc.local' is not found, but it can be loaded automatically later
2025-01-18 12:54:25 #739(main) <xowmzq>; cfg; rspamd_map_parse_backend: map '/var/lib/rspamd/mime_types.inc.local' is not found, but it can be loaded automatically later
2025-01-18 12:54:25 #739(main) <xowmzq>; cfg; rspamd_init_lua_filters: init lua module mime_types from /usr/share/rspamd/plugins/mime_types.lua; digest: 0b67f0e061
2025-01-18 12:54:25 #739(main) <xowmzq>; lua; lua_redis.lua:574: use default Redis settings for multimap
2025-01-18 12:54:25 #739(main) <fdp86m>; map; rspamd_map_add: added map https://maps.rspamd.com/freemail/free.txt.zst
2025-01-18 12:54:25 #739(main) <xowmzq>; lua; multimap.lua:1252: added multimap rule: freemail_replyto (header)
2025-01-18 12:54:25 #739(main) <k8f914>; map; rspamd_map_add: added map https://maps.rspamd.com/freemail/disposable.txt.zst
2025-01-18 12:54:25 #739(main) <xowmzq>; lua; multimap.lua:1252: added multimap rule: disposable_cc (header)
2025-01-18 12:54:25 #739(main) <xowmzq>; lua; lua_maps.lua:127: reuse url for https://maps.rspamd.com/freemail/free.txt.zst(hash)
2025-01-18 12:54:25 #739(main) <xowmzq>; lua; multimap.lua:1252: added multimap rule: freemail_envrcpt (rcpt)
2025-01-18 12:54:25 #739(main) <xowmzq>; lua; lua_maps.lua:127: reuse url for https://maps.rspamd.com/freemail/disposable.txt.zst(hash)
2025-01-18 12:54:25 #739(main) <xowmzq>; lua; multimap.lua:1252: added multimap rule: disposable_envrcpt (rcpt)
2025-01-18 12:54:25 #739(main) <xowmzq>; lua; lua_maps.lua:127: reuse url for https://maps.rspamd.com/freemail/free.txt.zst(hash)
2025-01-18 12:54:25 #739(main) <xowmzq>; lua; multimap.lua:1252: added multimap rule: freemail_envfrom (from)
2025-01-18 12:54:25 #739(main) <xowmzq>; lua; lua_maps.lua:127: reuse url for https://maps.rspamd.com/freemail/disposable.txt.zst(hash)
2025-01-18 12:54:25 #739(main) <xowmzq>; lua; multimap.lua:1252: added multimap rule: disposable_to (header)
2025-01-18 12:54:25 #739(main) <xowmzq>; lua; lua_maps.lua:127: reuse url for https://maps.rspamd.com/freemail/disposable.txt.zst(hash)
2025-01-18 12:54:25 #739(main) <xowmzq>; lua; multimap.lua:1252: added multimap rule: disposable_envfrom (from)
2025-01-18 12:54:25 #739(main) <xowmzq>; lua; lua_maps.lua:127: reuse url for https://maps.rspamd.com/freemail/free.txt.zst(hash)
2025-01-18 12:54:25 #739(main) <xowmzq>; lua; multimap.lua:1252: added multimap rule: freemail_cc (header)
2025-01-18 12:54:25 #739(main) <xowmzq>; lua; lua_maps.lua:127: reuse url for https://maps.rspamd.com/freemail/free.txt.zst(hash)
2025-01-18 12:54:25 #739(main) <xowmzq>; lua; multimap.lua:1252: added multimap rule: freemail_from (header)
2025-01-18 12:54:25 #739(main) <xowmzq>; lua; lua_maps.lua:127: reuse url for https://maps.rspamd.com/freemail/disposable.txt.zst(hash)
2025-01-18 12:54:25 #739(main) <xowmzq>; lua; multimap.lua:1252: added multimap rule: disposable_replyto (header)
2025-01-18 12:54:25 #739(main) <xowmzq>; lua; lua_maps.lua:127: reuse url for https://maps.rspamd.com/freemail/disposable.txt.zst(hash)
2025-01-18 12:54:25 #739(main) <xowmzq>; lua; multimap.lua:1252: added multimap rule: disposable_from (header)
2025-01-18 12:54:25 #739(main) <xowmzq>; lua; lua_maps.lua:127: reuse url for https://maps.rspamd.com/freemail/free.txt.zst(hash)
2025-01-18 12:54:25 #739(main) <xowmzq>; lua; multimap.lua:1252: added multimap rule: freemail_to (header)
2025-01-18 12:54:25 #739(main) <xowmzq>; cfg; rspamd_init_lua_filters: init lua module multimap from /usr/share/rspamd/plugins/multimap.lua; digest: 858f0711f5
2025-01-18 12:54:25 #739(main) <xowmzq>; cfg; rspamd_config_is_module_enabled: lua module mx_check is disabled in the configuration
2025-01-18 12:54:25 #739(main) <xowmzq>; lua; neural.lua:876: register ann rule default
2025-01-18 12:54:25 #739(main) <xowmzq>; cfg; rspamd_init_lua_filters: init lua module neural from /usr/share/rspamd/plugins/neural.lua; digest: 4461fcc25c
2025-01-18 12:54:25 #739(main) <xowmzq>; cfg; rspamd_init_lua_filters: init lua module once_received from /usr/share/rspamd/plugins/once_received.lua; digest: 2e2cade379
2025-01-18 12:54:25 #739(main) <xowmzq>; cfg; rspamd_config_is_module_enabled: lua module p0f is disabled in the configuration
2025-01-18 12:54:25 #739(main) <xowmzq>; cfg; rspamd_map_parse_backend: map '/etc/rspamd/local.d/maps.d/redirectors.inc' is not found, but it can be loaded automatically later
2025-01-18 12:54:25 #739(main) <xowmzq>; cfg; rspamd_map_parse_backend: map '/etc/rspamd/local.d/redirectors.inc' is not found, but it can be loaded automatically later
2025-01-18 12:54:25 #739(main) <xowmzq>; cfg; rspamd_init_lua_filters: init lua module phishing from /usr/share/rspamd/plugins/phishing.lua; digest: e3e90faf23
2025-01-18 12:54:25 #739(main) <xowmzq>; lua; lua_redis.lua:574: use default Redis settings for ratelimit
2025-01-18 12:54:25 #739(main) <xowmzq>; cfg; rspamd_init_lua_filters: init lua module ratelimit from /usr/share/rspamd/plugins/ratelimit.lua; digest: 774963103a
2025-01-18 12:54:25 #739(main) <xowmzq>; cfg; rspamd_map_parse_backend: map '/etc/rspamd/local.d/maps.d/surbl-whitelist.inc.local' is not found, but it can be loaded automatically later
2025-01-18 12:54:25 #739(main) <xowmzq>; cfg; rspamd_map_parse_backend: map '/var/lib/rspamd/surbl-whitelist.inc.local' is not found, but it can be loaded automatically later
2025-01-18 12:54:25 #739(main) <xowmzq>; lua; rbl.lua:966: added URL whitelist for RBL DBL
2025-01-18 12:54:25 #739(main) <xowmzq>; lua; rbl.lua:1019: added rbl rule DBL: checks: alive,dkim,emails,urls
2025-01-18 12:54:25 #739(main) <xowmzq>; lua; lua_maps.lua:149: reuse url for complex map definition p1tsamp7: RBL url whitelist for URIBL_MULTI
2025-01-18 12:54:25 #739(main) <xowmzq>; lua; rbl.lua:966: added URL whitelist for RBL URIBL_MULTI
2025-01-18 12:54:25 #739(main) <xowmzq>; lua; rbl.lua:1019: added rbl rule URIBL_MULTI: checks: alive,dkim,emails,urls
2025-01-18 12:54:25 #739(main) <xowmzq>; lua; rbl.lua:1019: added rbl rule RBL_NIXSPAM: checks: alive,user,local,ip
2025-01-18 12:54:25 #739(main) <xowmzq>; lua; rbl.lua:1019: added rbl rule RBL_SEM_IPV6: checks: alive,user,local,ip
2025-01-18 12:54:25 #739(main) <xowmzq>; lua; lua_maps.lua:149: reuse url for complex map definition p1tsamp7: RBL url whitelist for MSBL_EBL
2025-01-18 12:54:25 #739(main) <xowmzq>; lua; rbl.lua:966: added URL whitelist for RBL MSBL_EBL
2025-01-18 12:54:25 #739(main) <xowmzq>; lua; rbl.lua:1019: added rbl rule MSBL_EBL: checks: alive,emails,replyto
2025-01-18 12:54:25 #739(main) <xowmzq>; lua; rbl.lua:1019: added rbl rule SPAMHAUS: checks: alive,user,local,ip,received
2025-01-18 12:54:25 #739(main) <xowmzq>; lua; rbl.lua:1019: added rbl rule RBL_SEM: checks: alive,user,local,ip
2025-01-18 12:54:25 #739(main) <xowmzq>; lua; lua_maps.lua:149: reuse url for complex map definition p1tsamp7: RBL url whitelist for DWL_DNSWL
2025-01-18 12:54:25 #739(main) <xowmzq>; lua; rbl.lua:966: added URL whitelist for RBL DWL_DNSWL
2025-01-18 12:54:25 #739(main) <xowmzq>; lua; rbl.lua:1019: added rbl rule DWL_DNSWL: checks: alive,user,local,dkim
2025-01-18 12:54:25 #739(main) <xowmzq>; lua; lua_maps.lua:149: reuse url for complex map definition p1tsamp7: RBL url whitelist for SEM_URIBL_FRESH15_UNKNOWN
2025-01-18 12:54:25 #739(main) <xowmzq>; lua; rbl.lua:966: added URL whitelist for RBL SEM_URIBL_FRESH15_UNKNOWN
2025-01-18 12:54:25 #739(main) <xowmzq>; lua; rbl.lua:1019: added rbl rule SEM_URIBL_FRESH15_UNKNOWN: checks: alive,dkim,emails,urls
2025-01-18 12:54:25 #739(main) <xowmzq>; lua; lua_maps.lua:149: reuse url for complex map definition p1tsamp7: RBL url whitelist for RSPAMD_EMAILBL
2025-01-18 12:54:25 #739(main) <xowmzq>; lua; rbl.lua:966: added URL whitelist for RBL RSPAMD_EMAILBL
2025-01-18 12:54:25 #739(main) <xowmzq>; lua; rbl.lua:1019: added rbl rule RSPAMD_EMAILBL: checks: alive,emails,replyto
2025-01-18 12:54:25 #739(main) <xowmzq>; lua; lua_maps.lua:149: reuse url for complex map definition p1tsamp7: RBL url whitelist for SEM_URIBL_UNKNOWN
2025-01-18 12:54:25 #739(main) <xowmzq>; lua; rbl.lua:966: added URL whitelist for RBL SEM_URIBL_UNKNOWN
2025-01-18 12:54:25 #739(main) <xowmzq>; lua; rbl.lua:1019: added rbl rule SEM_URIBL_UNKNOWN: checks: alive,dkim,emails,urls
2025-01-18 12:54:25 #739(main) <xowmzq>; lua; lua_maps.lua:149: reuse url for complex map definition p1tsamp7: RBL url whitelist for SURBL_MULTI
2025-01-18 12:54:25 #739(main) <xowmzq>; lua; rbl.lua:966: added URL whitelist for RBL SURBL_MULTI
2025-01-18 12:54:25 #739(main) <xowmzq>; lua; rbl.lua:1019: added rbl rule SURBL_MULTI: checks: alive,dkim,emails,urls
2025-01-18 12:54:25 #739(main) <xowmzq>; lua; rbl.lua:1019: added rbl rule RBL_SENDERSCORE: checks: alive,user,local,ip
2025-01-18 12:54:25 #739(main) <xowmzq>; lua; rbl.lua:1019: added rbl rule MAILSPIKE: checks: alive,user,local,ip
2025-01-18 12:54:25 #739(main) <xowmzq>; lua; rbl.lua:1019: added rbl rule RCVD_IN_DNSWL: checks: alive,user,local,ip,received
2025-01-18 12:54:25 #739(main) <xowmzq>; lua; rbl.lua:1019: added rbl rule BLOCKLISTDE: checks: alive,user,local,ip,received
2025-01-18 12:54:25 #739(main) <xowmzq>; lua; lua_maps.lua:149: reuse url for complex map definition p1tsamp7: RBL url whitelist for RSPAMD_URIBL
2025-01-18 12:54:25 #739(main) <xowmzq>; lua; rbl.lua:966: added URL whitelist for RBL RSPAMD_URIBL
2025-01-18 12:54:25 #739(main) <xowmzq>; lua; rbl.lua:1019: added rbl rule RSPAMD_URIBL: checks: alive,dkim,emails,urls
2025-01-18 12:54:25 #739(main) <xowmzq>; lua; rbl.lua:1019: added rbl rule RBL_VIRUSFREE_UNKNOWN: checks: alive,user,local,ip
2025-01-18 12:54:25 #739(main) <xowmzq>; cfg; rspamd_init_lua_filters: init lua module rbl from /usr/share/rspamd/plugins/rbl.lua; digest: f999e40417
2025-01-18 12:54:25 #739(main) <xowmzq>; lua; lua_redis.lua:574: use default Redis settings for replies
2025-01-18 12:54:25 #739(main) <xowmzq>; cfg; rspamd_init_lua_filters: init lua module replies from /usr/share/rspamd/plugins/replies.lua; digest: 144d58c534
2025-01-18 12:54:25 #739(main) <xowmzq>; lua; lua_redis.lua:574: use default Redis settings for reputation
2025-01-18 12:54:25 #739(main) <xowmzq>; cfg; rspamd_init_lua_filters: init lua module reputation from /usr/share/rspamd/plugins/reputation.lua; digest: c2883c3a77
2025-01-18 12:54:25 #739(main) <xowmzq>; cfg; rspamd_config_is_module_enabled: lua module rspamd_update is disabled in the configuration
2025-01-18 12:54:25 #739(main) <xowmzq>; cfg; rspamd_init_lua_filters: init lua module settings from /usr/share/rspamd/plugins/settings.lua; digest: 094d643b66
2025-01-18 12:54:25 #739(main) <xowmzq>; cfg; rspamd_init_lua_filters: init lua module spamassassin from /usr/share/rspamd/plugins/spamassassin.lua; digest: 866ed1c471
2025-01-18 12:54:25 #739(main) <xowmzq>; cfg; rspamd_config_is_module_enabled: lua module spamtrap is disabled in the configuration
2025-01-18 12:54:25 #739(main) <xowmzq>; cfg; rspamd_init_lua_filters: init lua module spf from /usr/share/rspamd/plugins/spf.lua; digest: 1fcdf00ca4
2025-01-18 12:54:25 #739(main) <xowmzq>; lua; trie.lua:167: no tries defined
2025-01-18 12:54:25 #739(main) <xowmzq>; cfg; rspamd_init_lua_filters: init lua module trie from /usr/share/rspamd/plugins/trie.lua; digest: 21c3eed3ab
2025-01-18 12:54:25 #739(main) <xowmzq>; lua; lua_redis.lua:574: use default Redis settings for url_redirector
2025-01-18 12:54:25 #739(main) <xowmzq>; lua; url_redirector.lua:339: no redirector_hosts_map option is specified, disabling module
2025-01-18 12:54:25 #739(main) <xowmzq>; cfg; rspamd_init_lua_filters: init lua module url_redirector from /usr/share/rspamd/plugins/url_redirector.lua; digest: ea3f497c31
2025-01-18 12:54:25 #739(main) <xowmzq>; cfg; rspamd_map_parse_backend: map '/etc/rspamd/local.d/maps.d/spf_dkim_whitelist.inc.local' is not found, but it can be loaded automatically later
2025-01-18 12:54:25 #739(main) <xowmzq>; cfg; rspamd_map_parse_backend: map '/var/lib/rspamd/spf_dkim_whitelist.inc.local' is not found, but it can be loaded automatically later
2025-01-18 12:54:25 #739(main) <xowmzq>; cfg; rspamd_map_parse_backend: map '/etc/rspamd/local.d/maps.d/dmarc_whitelist.inc.local' is not found, but it can be loaded automatically later
2025-01-18 12:54:25 #739(main) <xowmzq>; cfg; rspamd_map_parse_backend: map '/var/lib/rspamd/dmarc_whitelist.inc.local' is not found, but it can be loaded automatically later
2025-01-18 12:54:25 #739(main) <xowmzq>; cfg; rspamd_map_parse_backend: map '/etc/rspamd/local.d/maps.d/spf_whitelist.inc.local' is not found, but it can be loaded automatically later
2025-01-18 12:54:25 #739(main) <xowmzq>; cfg; rspamd_map_parse_backend: map '/var/lib/rspamd/spf_whitelist.inc.local' is not found, but it can be loaded automatically later
2025-01-18 12:54:25 #739(main) <xowmzq>; cfg; rspamd_map_parse_backend: map '/etc/rspamd/maps.d/spf_whitelist.inc' is not found, but it can be loaded automatically later
2025-01-18 12:54:25 #739(main) <xowmzq>; cfg; rspamd_map_parse_backend: map '/etc/rspamd/local.d/maps.d/dkim_whitelist.inc.local' is not found, but it can be loaded automatically later
2025-01-18 12:54:25 #739(main) <xowmzq>; cfg; rspamd_map_parse_backend: map '/var/lib/rspamd/dkim_whitelist.inc.local' is not found, but it can be loaded automatically later
2025-01-18 12:54:25 #739(main) <xowmzq>; cfg; rspamd_map_parse_backend: map '/etc/rspamd/maps.d/dkim_whitelist.inc' is not found, but it can be loaded automatically later
2025-01-18 12:54:25 #739(main) <xowmzq>; cfg; rspamd_init_lua_filters: init lua module whitelist from /usr/share/rspamd/plugins/whitelist.lua; digest: 42d0cb1154
2025-01-18 12:54:25 #739(main) rspamd_url_init: start compiling of 9270 TLD suffixes; it might take a long time
2025-01-18 12:54:39 #739(main) rspamd_url_init: initialized 9251 url match suffixes from '/usr/share/rspamd/effective_tld_names.dat'
2025-01-18 12:54:39 #739(main) <daz6fz>; map; rspamd_map_add: added map /var/lib/rspamd/rspamd_dynamic
2025-01-18 12:54:39 #739(main) <xowmzq>; symcache; rspamd_symcache_load_items: cannot open file /var/lib/rspamd/symbols.cache, error 2, No such file or directory
2025-01-18 12:54:39 #739(main) <b6d9e2>; re_cache; rspamd_re_cache_init: loaded hyperscan engine with cpu tune 'generic' and features 'AVX2'
2025-01-18 12:54:39 #739(main) <b6d9e2>; re_cache; rspamd_re_cache_load_hyperscan: hyperscan database has NOT been loaded; no valid expressions
2025-01-18 12:54:39 #739(main) json_config_fin_cb: loaded json is not an array
2025-01-18 12:54:39 #739(main) <8m79ek>; map; read_map_file: /etc/rspamd/local.d/maps.d/dkim_whitelist.inc.local: map file is not found; it will be read automatically if created
2025-01-18 12:54:39 #739(main) <8m79ek>; map; read_map_file: /var/lib/rspamd/dkim_whitelist.inc.local: map file is not found; it will be read automatically if created
2025-01-18 12:54:39 #739(main) <84c5si>; map; read_map_file: /etc/rspamd/local.d/maps.d/spf_whitelist.inc.local: map file is not found; it will be read automatically if created
2025-01-18 12:54:39 #739(main) <84c5si>; map; read_map_file: /var/lib/rspamd/spf_whitelist.inc.local: map file is not found; it will be read automatically if created
2025-01-18 12:54:39 #739(main) <qamb1r>; map; read_map_file: /etc/rspamd/local.d/maps.d/dmarc_whitelist.inc.local: map file is not found; it will be read automatically if created
2025-01-18 12:54:39 #739(main) <qamb1r>; map; read_map_file: /var/lib/rspamd/dmarc_whitelist.inc.local: map file is not found; it will be read automatically if created
2025-01-18 12:54:39 #739(main) <qamb1r>; map; rspamd_kv_list_fin: read hash of 67 elements from https://maps.rspamd.com/rspamd/dmarc_whitelist_new.inc.zst
2025-01-18 12:54:39 #739(main) <dyatkr>; map; read_map_file: /etc/rspamd/local.d/maps.d/spf_dkim_whitelist.inc.local: map file is not found; it will be read automatically if created
2025-01-18 12:54:39 #739(main) <dyatkr>; map; read_map_file: /var/lib/rspamd/spf_dkim_whitelist.inc.local: map file is not found; it will be read automatically if created
2025-01-18 12:54:39 #739(main) <dyatkr>; map; rspamd_kv_list_fin: read hash of 230 elements from https://maps.rspamd.com/rspamd/spf_dkim_whitelist.inc.zst
2025-01-18 12:54:39 #739(main) <qbq3yk>; map; read_map_file: /etc/rspamd/local.d/maps.d/surbl-whitelist.inc.local: map file is not found; it will be read automatically if created
2025-01-18 12:54:39 #739(main) <qbq3yk>; map; read_map_file: /var/lib/rspamd/surbl-whitelist.inc.local: map file is not found; it will be read automatically if created
2025-01-18 12:54:39 #739(main) <qbq3yk>; map; rspamd_kv_list_fin: read hash of 827 elements from https://maps.rspamd.com/rspamd/surbl-whitelist.inc.zst
2025-01-18 12:54:39 #739(main) <48y7dd>; map; read_map_file: /etc/rspamd/local.d/maps.d/redirectors.inc: map file is not found; it will be read automatically if created
2025-01-18 12:54:39 #739(main) <48y7dd>; map; read_map_file: /etc/rspamd/local.d/redirectors.inc: map file is not found; it will be read automatically if created
2025-01-18 12:54:39 #739(main) <u9r7uu>; map; rspamd_kv_list_fin: read hash of 1045 elements from https://maps.rspamd.com/rspamd/redirectors.inc.zst
2025-01-18 12:54:39 #739(main) <o33omj>; map; read_map_file: /etc/rspamd/local.d/maps.d/mime_types.inc.local: map file is not found; it will be read automatically if created
2025-01-18 12:54:39 #739(main) <o33omj>; map; read_map_file: /var/lib/rspamd/mime_types.inc.local: map file is not found; it will be read automatically if created
2025-01-18 12:54:39 #739(main) <o33omj>; map; rspamd_kv_list_fin: read hash of 1534 elements from https://maps.rspamd.com/rspamd/mime_types.inc.zst
2025-01-18 12:54:39 #739(main) <7n3qic>; map; read_map_file: /etc/rspamd/local.d/maps.d/mid.inc: map file is not found; it will be read automatically if created
2025-01-18 12:54:39 #739(main) <7n3qic>; map; read_map_file: /etc/rspamd/local.d/mid.inc: map file is not found; it will be read automatically if created
2025-01-18 12:54:39 #739(main) <7n3qic>; map; rspamd_kv_list_fin: read hash of 19 elements from https://maps.rspamd.com/rspamd/mid.inc.zst
2025-01-18 12:54:39 #739(main) <4dego7>; map; read_map_static: static: read map data, 180 bytes
2025-01-18 12:54:39 #739(main) <4dego7>; map; rspamd_re_map_finalize: hyperscan compiled 2 regular expressions from static in 3.3 ms
2025-01-18 12:54:39 #739(main) <4dego7>; map; rspamd_try_save_re_map_cache: written cached hyperscan data for static to /var/lib/rspamd//38dbeb91b8d8b58a43107fc6512bd654c8c1a97669e73b7579194650f0433695.hsmc (8.92KiB length)
2025-01-18 12:54:39 #739(main) <4dego7>; map; rspamd_regexp_list_fin: read regexp list of 2 elements
2025-01-18 12:54:39 #739(main) <4dego7>; map; read_map_static: static: read map data, 2466 bytes
2025-01-18 12:54:39 #739(main) <4dego7>; map; rspamd_re_map_finalize: hyperscan compiled 104 regular expressions from static in 96.6 ms
2025-01-18 12:54:39 #739(main) <4dego7>; map; rspamd_try_save_re_map_cache: written cached hyperscan data for static to /var/lib/rspamd//0402a5c3bc277ffca466995cb8420ad931d15f4ac592973a00292c88dabf3467.hsmc (231.97KiB length)
2025-01-18 12:54:39 #739(main) <4dego7>; map; rspamd_regexp_list_fin: read regexp list of 104 elements
2025-01-18 12:54:39 #739(main) <4dego7>; map; read_map_static: static: read map data, 452 bytes
2025-01-18 12:54:39 #739(main) <4dego7>; map; rspamd_re_map_finalize: hyperscan compiled 24 regular expressions from static in 6.6 ms
2025-01-18 12:54:39 #739(main) <4dego7>; map; rspamd_try_save_re_map_cache: written cached hyperscan data for static to /var/lib/rspamd//b822457bc3950ecb5d44169eb4b2697ddb62dd90dbe799d93242695be3693da2.hsmc (15.00KiB length)
2025-01-18 12:54:39 #739(main) <4dego7>; map; rspamd_regexp_list_fin: read regexp list of 24 elements
2025-01-18 12:54:39 #739(main) <4dego7>; map; read_map_static: static: read map data, 47 bytes
2025-01-18 12:54:39 #739(main) <4dego7>; map; rspamd_re_map_finalize: hyperscan compiled 2 regular expressions from static in 3.3 ms
2025-01-18 12:54:39 #739(main) <4dego7>; map; rspamd_try_save_re_map_cache: written cached hyperscan data for static to /var/lib/rspamd//3034a0483753f4fd9b1d586eda8b5b7eb0f8352dbdb2fbccd5114fcdecb80cfe.hsmc (5.97KiB length)
2025-01-18 12:54:39 #739(main) <4dego7>; map; rspamd_regexp_list_fin: read regexp list of 2 elements
2025-01-18 12:54:39 #739(main) <4dego7>; map; read_map_static: static: read map data, 10 bytes
2025-01-18 12:54:39 #739(main) <4dego7>; map; rspamd_radix_fin: read radix trie of 1 elements: ents=1 dup=0 tbm=0 lc=3 mem=1k free=0 waste=0
2025-01-18 12:54:39 #739(main) <xowmzq>; cfg; rspamd_config_register_settings_id: register new settings id 1792875810 (whitelist)
2025-01-18 12:54:39 #739(main) <xowmzq>; lua; settings.lua:1038: loaded 1 elements of settings
2025-01-18 12:54:39 #739(main) <3d7114>; main; main: rspamd 2.7 is starting, build id: release
2025-01-18 12:54:39 #739(main) <3d7114>; main; main: cpu features: avx2, avx, sse2, sse3, ssse3, sse4.1, sse4.2, rdrand
2025-01-18 12:54:39 #739(main) <3d7114>; main; main: cryptobox configuration: curve25519(libsodium), chacha20(avx2), poly1305(libsodium), siphash(libsodium), blake2(libsodium), base64(avx2)
2025-01-18 12:54:39 #739(main) <3d7114>; main; main: libottery prf: AES-128
2025-01-18 12:54:39 #739(main) <3d7114>; main; main: skip writing pid in no-fork mode
2025-01-18 12:54:39 #739(main) <3d7114>; main; main: event loop initialised with backend: epoll
2025-01-18 12:54:39 #739(main) <3d7114>; main; spawn_workers: worker of type fuzzy(localhost:11335) is disabled in the config, skip spawning
2025-01-18 12:54:39 #739(main) <3d7114>; main; rspamd_fork_worker: prepare to fork process rspamd_proxy (0); listen on: /var/run/rspamd-proxy.sock mode=0666
2025-01-18 12:54:39 #739(main) <3d7114>; main; rspamd_fork_worker: prepare to fork process controller (0); listen on: /var/run/rspamd-web.sock mode=0666
2025-01-18 12:54:39 #910(rspamd_proxy) <3d7114>; main; rspamd_worker_set_limits: use system max file descriptors limit: 1024MiB cur and 1024MiB max
2025-01-18 12:54:39 #910(rspamd_proxy) <3d7114>; main; rspamd_worker_set_limits: use system max core size limit: -1B cur and -1B max
2025-01-18 12:54:39 #910(rspamd_proxy) <3d7114>; main; rspamd_handle_child_fork: starting rspamd_proxy process 910 (0); listen on: /var/run/rspamd-proxy.sock mode=0666
2025-01-18 12:54:39 #910(rspamd_proxy) <xowmzq>; cfg; rspamd_dns_resolv_conf_on_server: parsed nameserver 127.0.0.11 from resolv.conf
2025-01-18 12:54:39 #910(rspamd_proxy) <xowmzq>; cfg; rspamd_dns_read_hosts_file: processed host file /etc/hosts; 10 records added
2025-01-18 12:54:39 #739(main) <3d7114>; main; rspamd_fork_worker: prepare to fork process normal (0); listen on: /var/run/rspamd-normal.sock mode=0666
2025-01-18 12:54:39 #911(controller) <3d7114>; main; rspamd_worker_set_limits: use system max file descriptors limit: 1024MiB cur and 1024MiB max
2025-01-18 12:54:39 #911(controller) <3d7114>; main; rspamd_worker_set_limits: use system max core size limit: -1B cur and -1B max
2025-01-18 12:54:39 #911(controller) <3d7114>; main; rspamd_handle_child_fork: starting controller process 911 (0); listen on: /var/run/rspamd-web.sock mode=0666
2025-01-18 12:54:39 #911(controller) <xowmzq>; controller; rspamd_controller_password_sane: your normal password is not encrypted, we strongly recommend to replace it with the encrypted one
2025-01-18 12:54:39 #911(controller) <xowmzq>; controller; rspamd_controller_password_sane: enable password is not set, so you should filter controller availability by using of firewall or `secure_ip` option
2025-01-18 12:54:39 #739(main) <3d7114>; main; rspamd_fork_worker: prepare to fork process normal (1); listen on: /var/run/rspamd-normal.sock mode=0666
2025-01-18 12:54:39 #911(controller) <xowmzq>; cfg; rspamd_dns_resolv_conf_on_server: parsed nameserver 127.0.0.11 from resolv.conf
2025-01-18 12:54:39 #911(controller) <xowmzq>; cfg; rspamd_dns_read_hosts_file: processed host file /etc/hosts; 10 records added
2025-01-18 12:54:39 #912(normal) <3d7114>; main; rspamd_worker_set_limits: use system max file descriptors limit: 1024MiB cur and 1024MiB max
2025-01-18 12:54:39 #912(normal) <3d7114>; main; rspamd_worker_set_limits: use system max core size limit: -1B cur and -1B max
2025-01-18 12:54:39 #912(normal) <3d7114>; main; rspamd_handle_child_fork: starting normal process 912 (0); listen on: /var/run/rspamd-normal.sock mode=0666
2025-01-18 12:54:39 #910(rspamd_proxy) <xowmzq>; lua; lua_redis.lua:1207: uploaded redis script to unix:/var/run/redis/redis.sock with id 3, sha: 3b7b7539e4555fa579ead520dcc3a85d8a25ceab
2025-01-18 12:54:39 #910(rspamd_proxy) <xowmzq>; lua; lua_redis.lua:1207: uploaded redis script to unix:/var/run/redis/redis.sock with id 2, sha: a43800941e2820ed8d764d50dfd9c142beddde68
2025-01-18 12:54:39 #910(rspamd_proxy) <xowmzq>; lua; lua_redis.lua:1207: uploaded redis script to unix:/var/run/redis/redis.sock with id 5, sha: 3356099ff58c7e8893283c259278305d0d813a84
2025-01-18 12:54:39 #912(normal) <xowmzq>; cfg; rspamd_dns_resolv_conf_on_server: parsed nameserver 127.0.0.11 from resolv.conf
2025-01-18 12:54:39 #910(rspamd_proxy) <xowmzq>; lua; lua_redis.lua:1207: uploaded redis script to unix:/var/run/redis/redis.sock with id 6, sha: da3a534c5a16cf973cfab2ba50c1fb8461a87093
2025-01-18 12:54:39 #910(rspamd_proxy) <xowmzq>; lua; lua_redis.lua:1207: uploaded redis script to unix:/var/run/redis/redis.sock with id 1, sha: b2b5aaa894dc3056e6ac294e44adbd0a1ca702b6
2025-01-18 12:54:39 #910(rspamd_proxy) <xowmzq>; lua; lua_redis.lua:1207: uploaded redis script to unix:/var/run/redis/redis.sock with id 4, sha: b7bc61549b632aa0a12b5efd54e8b775e6d7f048
2025-01-18 12:54:39 #912(normal) <xowmzq>; cfg; rspamd_dns_read_hosts_file: processed host file /etc/hosts; 10 records added
2025-01-18 12:54:39 #739(main) <3d7114>; main; rspamd_fork_worker: prepare to fork process normal (2); listen on: /var/run/rspamd-normal.sock mode=0666
2025-01-18 12:54:39 #913(normal) <3d7114>; main; rspamd_worker_set_limits: use system max file descriptors limit: 1024MiB cur and 1024MiB max
2025-01-18 12:54:39 #913(normal) <3d7114>; main; rspamd_worker_set_limits: use system max core size limit: -1B cur and -1B max
2025-01-18 12:54:39 #913(normal) <3d7114>; main; rspamd_handle_child_fork: starting normal process 913 (1); listen on: /var/run/rspamd-normal.sock mode=0666
2025-01-18 12:54:39 #913(normal) <xowmzq>; cfg; rspamd_dns_resolv_conf_on_server: parsed nameserver 127.0.0.11 from resolv.conf
2025-01-18 12:54:39 #913(normal) <xowmzq>; cfg; rspamd_dns_read_hosts_file: processed host file /etc/hosts; 10 records added
2025-01-18 12:54:39 #739(main) <3d7114>; main; rspamd_fork_worker: prepare to fork process normal (3); listen on: /var/run/rspamd-normal.sock mode=0666
2025-01-18 12:54:39 #911(controller) <xowmzq>; cfg; rspamd_redis_parse_classifier_opts: you are using old bayes schema for redis statistics, please consider converting it to a new one by using 'rspamadm configwizard statistics'
2025-01-18 12:54:39 #914(normal) <3d7114>; main; rspamd_worker_set_limits: use system max file descriptors limit: 1024MiB cur and 1024MiB max
2025-01-18 12:54:39 #914(normal) <3d7114>; main; rspamd_worker_set_limits: use system max core size limit: -1B cur and -1B max
2025-01-18 12:54:39 #914(normal) <3d7114>; main; rspamd_handle_child_fork: starting normal process 914 (2); listen on: /var/run/rspamd-normal.sock mode=0666
2025-01-18 12:54:39 #911(controller) <xowmzq>; cfg; rspamd_redis_parse_classifier_opts: you are using old bayes schema for redis statistics, please consider converting it to a new one by using 'rspamadm configwizard statistics'
2025-01-18 12:54:39 #911(controller) <xowmzq>; cfg; rspamd_controller_load_saved_stats: cannot load controller stats from /var/lib/rspamd/stats.ucl: No such file or directory
2025-01-18 12:54:39 #914(normal) <xowmzq>; cfg; rspamd_dns_resolv_conf_on_server: parsed nameserver 127.0.0.11 from resolv.conf
2025-01-18 12:54:39 #912(normal) <xowmzq>; cfg; rspamd_redis_parse_classifier_opts: you are using old bayes schema for redis statistics, please consider converting it to a new one by using 'rspamadm configwizard statistics'
2025-01-18 12:54:39 #914(normal) <xowmzq>; cfg; rspamd_dns_read_hosts_file: processed host file /etc/hosts; 10 records added
2025-01-18 12:54:39 #739(main) <3d7114>; main; rspamd_fork_worker: prepare to fork process hs_helper (0), no bind socket
2025-01-18 12:54:39 #912(normal) <xowmzq>; cfg; rspamd_redis_parse_classifier_opts: you are using old bayes schema for redis statistics, please consider converting it to a new one by using 'rspamadm configwizard statistics'
2025-01-18 12:54:39 #915(normal) <3d7114>; main; rspamd_worker_set_limits: use system max file descriptors limit: 1024MiB cur and 1024MiB max
2025-01-18 12:54:39 #915(normal) <3d7114>; main; rspamd_worker_set_limits: use system max core size limit: -1B cur and -1B max
2025-01-18 12:54:39 #915(normal) <3d7114>; main; rspamd_handle_child_fork: starting normal process 915 (3); listen on: /var/run/rspamd-normal.sock mode=0666
2025-01-18 12:54:39 #911(controller) <brnx44>; rrd; rspamd_rrd_finalize: rrd file created: /var/lib/rspamd/rspamd.rrd
2025-01-18 12:54:39 #915(normal) <xowmzq>; cfg; rspamd_dns_resolv_conf_on_server: parsed nameserver 127.0.0.11 from resolv.conf
2025-01-18 12:54:39 #915(normal) <xowmzq>; cfg; rspamd_dns_read_hosts_file: processed host file /etc/hosts; 10 records added
2025-01-18 12:54:39 #913(normal) <xowmzq>; cfg; rspamd_redis_parse_classifier_opts: you are using old bayes schema for redis statistics, please consider converting it to a new one by using 'rspamadm configwizard statistics'
2025-01-18 12:54:39 #913(normal) <xowmzq>; cfg; rspamd_redis_parse_classifier_opts: you are using old bayes schema for redis statistics, please consider converting it to a new one by using 'rspamadm configwizard statistics'
2025-01-18 12:54:39 #739(main) <3d7114>; main; main: listening for control commands on /var/lib/rspamd/rspamd.sock
2025-01-18 12:54:39 #912(normal) <xowmzq>; lua; lua_redis.lua:1207: uploaded redis script to unix:/var/run/redis/redis.sock with id 5, sha: 3356099ff58c7e8893283c259278305d0d813a84
2025-01-18 12:54:39 #912(normal) <xowmzq>; lua; lua_redis.lua:1207: uploaded redis script to unix:/var/run/redis/redis.sock with id 6, sha: da3a534c5a16cf973cfab2ba50c1fb8461a87093
2025-01-18 12:54:39 #912(normal) <xowmzq>; lua; lua_redis.lua:1207: uploaded redis script to unix:/var/run/redis/redis.sock with id 1, sha: b2b5aaa894dc3056e6ac294e44adbd0a1ca702b6
2025-01-18 12:54:39 #912(normal) <xowmzq>; lua; lua_redis.lua:1207: uploaded redis script to unix:/var/run/redis/redis.sock with id 2, sha: a43800941e2820ed8d764d50dfd9c142beddde68
2025-01-18 12:54:39 #912(normal) <xowmzq>; lua; lua_redis.lua:1207: uploaded redis script to unix:/var/run/redis/redis.sock with id 3, sha: 3b7b7539e4555fa579ead520dcc3a85d8a25ceab
2025-01-18 12:54:39 #914(normal) <xowmzq>; cfg; rspamd_redis_parse_classifier_opts: you are using old bayes schema for redis statistics, please consider converting it to a new one by using 'rspamadm configwizard statistics'
2025-01-18 12:54:39 #912(normal) <xowmzq>; lua; lua_redis.lua:1207: uploaded redis script to unix:/var/run/redis/redis.sock with id 4, sha: b7bc61549b632aa0a12b5efd54e8b775e6d7f048
2025-01-18 12:54:39 #916(hs_helper) <3d7114>; main; rspamd_worker_set_limits: use system max file descriptors limit: 1024MiB cur and 1024MiB max
2025-01-18 12:54:39 #916(hs_helper) <3d7114>; main; rspamd_worker_set_limits: use system max core size limit: -1B cur and -1B max
2025-01-18 12:54:39 #916(hs_helper) <3d7114>; main; rspamd_handle_child_fork: starting hs_helper process 916 (0); no listen
2025-01-18 12:54:39 #911(controller) <xowmzq>; lua; lua_redis.lua:1207: uploaded redis script to unix:/var/run/redis/redis.sock with id 6, sha: da3a534c5a16cf973cfab2ba50c1fb8461a87093
2025-01-18 12:54:39 #911(controller) <xowmzq>; lua; lua_redis.lua:1207: uploaded redis script to unix:/var/run/redis/redis.sock with id 5, sha: 3356099ff58c7e8893283c259278305d0d813a84
2025-01-18 12:54:39 #914(normal) <xowmzq>; cfg; rspamd_redis_parse_classifier_opts: you are using old bayes schema for redis statistics, please consider converting it to a new one by using 'rspamadm configwizard statistics'
2025-01-18 12:54:39 #911(controller) <xowmzq>; lua; lua_redis.lua:1207: uploaded redis script to unix:/var/run/redis/redis.sock with id 4, sha: b7bc61549b632aa0a12b5efd54e8b775e6d7f048
2025-01-18 12:54:39 #911(controller) <xowmzq>; lua; lua_redis.lua:1207: uploaded redis script to unix:/var/run/redis/redis.sock with id 1, sha: b2b5aaa894dc3056e6ac294e44adbd0a1ca702b6
2025-01-18 12:54:39 #911(controller) <xowmzq>; lua; lua_redis.lua:1207: uploaded redis script to unix:/var/run/redis/redis.sock with id 2, sha: a43800941e2820ed8d764d50dfd9c142beddde68
2025-01-18 12:54:39 #911(controller) <xowmzq>; lua; lua_redis.lua:1207: uploaded redis script to unix:/var/run/redis/redis.sock with id 3, sha: 3b7b7539e4555fa579ead520dcc3a85d8a25ceab
2025-01-18 12:54:39 #913(normal) <xowmzq>; lua; lua_redis.lua:1207: uploaded redis script to unix:/var/run/redis/redis.sock with id 4, sha: b7bc61549b632aa0a12b5efd54e8b775e6d7f048
2025-01-18 12:54:39 #913(normal) <xowmzq>; lua; lua_redis.lua:1207: uploaded redis script to unix:/var/run/redis/redis.sock with id 5, sha: 3356099ff58c7e8893283c259278305d0d813a84
2025-01-18 12:54:39 #913(normal) <xowmzq>; lua; lua_redis.lua:1207: uploaded redis script to unix:/var/run/redis/redis.sock with id 6, sha: da3a534c5a16cf973cfab2ba50c1fb8461a87093
2025-01-18 12:54:39 #913(normal) <xowmzq>; lua; lua_redis.lua:1207: uploaded redis script to unix:/var/run/redis/redis.sock with id 1, sha: b2b5aaa894dc3056e6ac294e44adbd0a1ca702b6
2025-01-18 12:54:39 #913(normal) <xowmzq>; lua; lua_redis.lua:1207: uploaded redis script to unix:/var/run/redis/redis.sock with id 2, sha: a43800941e2820ed8d764d50dfd9c142beddde68
2025-01-18 12:54:39 #913(normal) <xowmzq>; lua; lua_redis.lua:1207: uploaded redis script to unix:/var/run/redis/redis.sock with id 3, sha: 3b7b7539e4555fa579ead520dcc3a85d8a25ceab
2025-01-18 12:54:39 #915(normal) <xowmzq>; cfg; rspamd_redis_parse_classifier_opts: you are using old bayes schema for redis statistics, please consider converting it to a new one by using 'rspamadm configwizard statistics'
2025-01-18 12:54:39 #914(normal) <xowmzq>; lua; lua_redis.lua:1207: uploaded redis script to unix:/var/run/redis/redis.sock with id 4, sha: b7bc61549b632aa0a12b5efd54e8b775e6d7f048
2025-01-18 12:54:39 #914(normal) <xowmzq>; lua; lua_redis.lua:1207: uploaded redis script to unix:/var/run/redis/redis.sock with id 1, sha: b2b5aaa894dc3056e6ac294e44adbd0a1ca702b6
2025-01-18 12:54:39 #914(normal) <xowmzq>; lua; lua_redis.lua:1207: uploaded redis script to unix:/var/run/redis/redis.sock with id 2, sha: a43800941e2820ed8d764d50dfd9c142beddde68
2025-01-18 12:54:39 #914(normal) <xowmzq>; lua; lua_redis.lua:1207: uploaded redis script to unix:/var/run/redis/redis.sock with id 3, sha: 3b7b7539e4555fa579ead520dcc3a85d8a25ceab
2025-01-18 12:54:39 #914(normal) <xowmzq>; lua; lua_redis.lua:1207: uploaded redis script to unix:/var/run/redis/redis.sock with id 5, sha: 3356099ff58c7e8893283c259278305d0d813a84
2025-01-18 12:54:39 #914(normal) <xowmzq>; lua; lua_redis.lua:1207: uploaded redis script to unix:/var/run/redis/redis.sock with id 6, sha: da3a534c5a16cf973cfab2ba50c1fb8461a87093
2025-01-18 12:54:39 #915(normal) <xowmzq>; cfg; rspamd_redis_parse_classifier_opts: you are using old bayes schema for redis statistics, please consider converting it to a new one by using 'rspamadm configwizard statistics'
2025-01-18 12:54:39 #915(normal) <xowmzq>; lua; lua_redis.lua:1207: uploaded redis script to unix:/var/run/redis/redis.sock with id 4, sha: b7bc61549b632aa0a12b5efd54e8b775e6d7f048
2025-01-18 12:54:39 #915(normal) <xowmzq>; lua; lua_redis.lua:1207: uploaded redis script to unix:/var/run/redis/redis.sock with id 1, sha: b2b5aaa894dc3056e6ac294e44adbd0a1ca702b6
2025-01-18 12:54:39 #915(normal) <xowmzq>; lua; lua_redis.lua:1207: uploaded redis script to unix:/var/run/redis/redis.sock with id 2, sha: a43800941e2820ed8d764d50dfd9c142beddde68
2025-01-18 12:54:39 #915(normal) <xowmzq>; lua; lua_redis.lua:1207: uploaded redis script to unix:/var/run/redis/redis.sock with id 3, sha: 3b7b7539e4555fa579ead520dcc3a85d8a25ceab
2025-01-18 12:54:39 #915(normal) <xowmzq>; lua; lua_redis.lua:1207: uploaded redis script to unix:/var/run/redis/redis.sock with id 5, sha: 3356099ff58c7e8893283c259278305d0d813a84
2025-01-18 12:54:39 #915(normal) <xowmzq>; lua; lua_redis.lua:1207: uploaded redis script to unix:/var/run/redis/redis.sock with id 6, sha: da3a534c5a16cf973cfab2ba50c1fb8461a87093
2025-01-18 12:54:39 #911(controller) <prfoy8>; monitored; rspamd_monitored_dns_cb: DNS reply returned 'no error' for list.dnswl.org while 'no records with this name' was expected when querying for '1.0.0.127.list.dnswl.org'(likely DNS spoofing or BL internal issues)
2025-01-18 12:54:39 #911(controller) <k4k3se>; monitored; rspamd_monitored_dns_cb: DNS reply returned 'no error' for bl.score.senderscore.com while 'no records with this name' was expected when querying for '1.0.0.127.bl.score.senderscore.com'(likely DNS spoofing or BL internal issues)
2025-01-18 12:54:39 #911(controller) <imhkkk>; monitored; rspamd_monitored_dns_cb: DNS query blocked on multi.uribl.com (127.0.0.1 returned), possibly due to high volume
2025-01-18 12:54:39 #911(controller) <1ccygw>; monitored; rspamd_monitored_dns_cb: DNS reply returned 'no error' for dwl.dnswl.org while 'no records with this name' was expected when querying for '4q9QBdpRoIOxOKtkB2Cu.dwl.dnswl.org'(likely DNS spoofing or BL internal issues)
2025-01-18 12:54:39 #916(hs_helper) <b6d9e2>; re_cache; rspamd_re_cache_compile_timer_cb: compiled class raw header(To) to cache 909b0b, 4/4 regexps
2025-01-18 12:54:39 #916(hs_helper) <b6d9e2>; re_cache; rspamd_re_cache_compile_timer_cb: compiled class raw header(List-Unsubscribe) to cache 531837, 1/1 regexps
2025-01-18 12:54:39 #916(hs_helper) <b6d9e2>; re_cache; rspamd_re_cache_compile_timer_cb: compiled class header(Cc) to cache 37f58b, 1/1 regexps
2025-01-18 12:54:39 #916(hs_helper) <b6d9e2>; re_cache; rspamd_re_cache_compile_timer_cb: compiled class raw header(Return-Path) to cache 7a41af, 1/1 regexps
2025-01-18 12:54:39 #916(hs_helper) <b6d9e2>; re_cache; rspamd_re_cache_compile_timer_cb: compiled class raw header(Message-ID) to cache 1d8967, 2/2 regexps
2025-01-18 12:54:39 #916(hs_helper) <b6d9e2>; re_cache; rspamd_re_cache_compile_timer_cb: compiled class header(X-Mailman-Version) to cache 7ea71d, 1/1 regexps
2025-01-18 12:54:39 #911(controller) <dyatkr>; map; http_map_finish: need to reread map from https://maps.rspamd.com/rspamd/spf_dkim_whitelist.inc.zst
2025-01-18 12:54:40 #916(hs_helper) <b6d9e2>; re_cache; rspamd_re_cache_compile_timer_cb: compiled class header(Sender) to cache 2e9f92, 1/1 regexps
2025-01-18 12:54:40 #916(hs_helper) <b6d9e2>; re_cache; rspamd_re_cache_compile_timer_cb: compiled class header(Content-Type) to cache fa10ef, 4/4 regexps
2025-01-18 12:54:40 #916(hs_helper) <b6d9e2>; re_cache; rspamd_re_cache_compile_timer_cb: compiled class raw header(Content-Type) to cache cddd50, 5/5 regexps
2025-01-18 12:54:40 #911(controller) <dyatkr>; map; http_map_finish: https://maps.rspamd.com/rspamd/spf_dkim_whitelist.inc.zst(88.198.198.21:443): read map data 1233 bytes compressed, 2871 uncompressed, next check at Sat, 18 Jan 2025 15:54:40 GMT
2025-01-18 12:54:40 #911(controller) <dyatkr>; map; rspamd_map_save_http_cached_file: saved data from https://maps.rspamd.com/rspamd/spf_dkim_whitelist.inc.zst in /var/lib/rspamd/2368c73b937d98513ed72c4b04f4247bda43fdb5.map, 2911 bytes
2025-01-18 12:54:40 #911(controller) <dyatkr>; map; rspamd_map_file_read_callback: rereading map file /etc/rspamd/local.d/maps.d/spf_dkim_whitelist.inc.local
2025-01-18 12:54:40 #911(controller) <dyatkr>; map; read_map_file: /etc/rspamd/local.d/maps.d/spf_dkim_whitelist.inc.local: map file is not found; it will be read automatically if created
2025-01-18 12:54:40 #911(controller) <dyatkr>; map; rspamd_map_file_read_callback: rereading map file /var/lib/rspamd/spf_dkim_whitelist.inc.local
2025-01-18 12:54:40 #911(controller) <dyatkr>; map; read_map_file: /var/lib/rspamd/spf_dkim_whitelist.inc.local: map file is not found; it will be read automatically if created
2025-01-18 12:54:40 #911(controller) <dyatkr>; map; rspamd_kv_list_fin: read hash of 237 elements from https://maps.rspamd.com/rspamd/spf_dkim_whitelist.inc.zst
2025-01-18 12:54:40 #916(hs_helper) <b6d9e2>; re_cache; rspamd_re_cache_compile_timer_cb: compiled class sa body to cache 75fbed, 3/3 regexps
2025-01-18 12:54:40 #739(main) <3d7114>; main; rspamd_control_handler: accepted control connection from /var/lib/rspamd/rspamd.sock
2025-01-18 12:54:40 #739(main) <3d7114>; main; rspamd_control_connection_close: finished connection from /var/lib/rspamd/rspamd.sock
2025-01-18 12:54:40 #916(hs_helper) <b6d9e2>; re_cache; rspamd_re_cache_compile_timer_cb: compiled class raw header(Content-Transfer-Encoding) to cache 0a3e4e, 1/1 regexps
2025-01-18 12:54:40 #916(hs_helper) <b6d9e2>; re_cache; rspamd_re_cache_compile_timer_cb: compiled class header(To) to cache 27782e, 2/2 regexps
2025-01-18 12:54:40 #916(hs_helper) <b6d9e2>; re_cache; rspamd_re_cache_compile_timer_cb: compiled class header(X-MimeOLE) to cache 312872, 1/1 regexps
2025-01-18 12:54:40 #916(hs_helper) <b6d9e2>; re_cache; rspamd_re_cache_compile_timer_cb: compiled class header(X-Spam-Status) to cache ac7f37, 1/1 regexps
2025-01-18 12:54:40 #916(hs_helper) <b6d9e2>; re_cache; rspamd_re_cache_compile_timer_cb: compiled class raw header(Return-path) to cache c19cd1, 3/3 regexps
2025-01-18 12:54:40 #916(hs_helper) <b6d9e2>; re_cache; rspamd_re_cache_compile_timer_cb: compiled class header(X-UI-Out-Filterresults) to cache 272a1b, 1/1 regexps
2025-01-18 12:54:41 #916(hs_helper) <b6d9e2>; re_cache; rspamd_re_cache_compile_timer_cb: compiled class raw header(X-Envelope-From) to cache 04efaf, 4/4 regexps
2025-01-18 12:54:41 #911(controller) <o33omj>; map; http_map_finish: need to reread map from https://maps.rspamd.com/rspamd/mime_types.inc.zst
2025-01-18 12:54:41 #916(hs_helper) <b6d9e2>; re_cache; rspamd_re_cache_compile_timer_cb: compiled class words to cache 5c2239, 5/5 regexps
2025-01-18 12:54:41 #911(controller) <qamb1r>; map; http_map_finish: need to reread map from https://maps.rspamd.com/rspamd/dmarc_whitelist_new.inc.zst
2025-01-18 12:54:41 #916(hs_helper) <b6d9e2>; re_cache; rspamd_re_cache_compile_timer_cb: compiled class header(X-Source-Args) to cache 350dd1, 1/1 regexps
2025-01-18 12:54:41 #911(controller) <7n3qic>; map; http_map_finish: need to reread map from https://maps.rspamd.com/rspamd/mid.inc.zst
2025-01-18 12:54:41 #911(controller) <u9r7uu>; map; http_map_finish: need to reread map from https://maps.rspamd.com/rspamd/redirectors.inc.zst
2025-01-18 12:54:41 #916(hs_helper) <b6d9e2>; re_cache; rspamd_re_cache_compile_timer_cb: compiled class header(Subject) to cache 2cd05e, 9/9 regexps
2025-01-18 12:54:41 #911(controller) <o33omj>; map; http_map_finish: https://maps.rspamd.com/rspamd/mime_types.inc.zst(88.198.198.21:443): read map data 9624 bytes compressed, 48331 uncompressed, next check at Sat, 18 Jan 2025 15:54:41 GMT
2025-01-18 12:54:41 #911(controller) <o33omj>; map; rspamd_map_save_http_cached_file: saved data from https://maps.rspamd.com/rspamd/mime_types.inc.zst in /var/lib/rspamd/2e66b2415ec9b99aaa155761c211e51def12016e.map, 48371 bytes
2025-01-18 12:54:41 #911(controller) <o33omj>; map; rspamd_map_file_read_callback: rereading map file /etc/rspamd/local.d/maps.d/mime_types.inc.local
2025-01-18 12:54:41 #911(controller) <o33omj>; map; read_map_file: /etc/rspamd/local.d/maps.d/mime_types.inc.local: map file is not found; it will be read automatically if created
2025-01-18 12:54:41 #911(controller) <o33omj>; map; rspamd_map_file_read_callback: rereading map file /var/lib/rspamd/mime_types.inc.local
2025-01-18 12:54:41 #911(controller) <o33omj>; map; read_map_file: /var/lib/rspamd/mime_types.inc.local: map file is not found; it will be read automatically if created
2025-01-18 12:54:41 #911(controller) <o33omj>; map; rspamd_kv_list_fin: read hash of 1546 elements from https://maps.rspamd.com/rspamd/mime_types.inc.zst
2025-01-18 12:54:41 #916(hs_helper) <b6d9e2>; re_cache; rspamd_re_cache_compile_timer_cb: compiled class raw header(From) to cache f935ab, 8/8 regexps
2025-01-18 12:54:41 #916(hs_helper) <b6d9e2>; re_cache; rspamd_re_cache_compile_timer_cb: compiled class raw header(Subject) to cache 6a2976, 5/5 regexps
2025-01-18 12:54:41 #911(controller) <qamb1r>; map; http_map_finish: https://maps.rspamd.com/rspamd/dmarc_whitelist_new.inc.zst(151.115.41.123:443): read map data 4199 bytes compressed, 10866 uncompressed, next check at Sat, 18 Jan 2025 15:54:41 GMT
2025-01-18 12:54:41 #911(controller) <qamb1r>; map; rspamd_map_save_http_cached_file: saved data from https://maps.rspamd.com/rspamd/dmarc_whitelist_new.inc.zst in /var/lib/rspamd/877aa38dd77ed707d20b2f77d46b905b69a6295a.map, 10906 bytes
2025-01-18 12:54:41 #911(controller) <qamb1r>; map; rspamd_map_file_read_callback: rereading map file /etc/rspamd/local.d/maps.d/dmarc_whitelist.inc.local
2025-01-18 12:54:41 #911(controller) <qamb1r>; map; read_map_file: /etc/rspamd/local.d/maps.d/dmarc_whitelist.inc.local: map file is not found; it will be read automatically if created
2025-01-18 12:54:41 #911(controller) <qamb1r>; map; rspamd_map_file_read_callback: rereading map file /var/lib/rspamd/dmarc_whitelist.inc.local
2025-01-18 12:54:41 #911(controller) <qamb1r>; map; read_map_file: /var/lib/rspamd/dmarc_whitelist.inc.local: map file is not found; it will be read automatically if created
2025-01-18 12:54:41 #911(controller) <qamb1r>; map; rspamd_kv_list_fin: read hash of 787 elements from https://maps.rspamd.com/rspamd/dmarc_whitelist_new.inc.zst
2025-01-18 12:54:41 #916(hs_helper) <b6d9e2>; re_cache; rspamd_re_cache_compile_timer_cb: compiled class header(X-Forefront-Antispam-Report) to cache 924417, 1/1 regexps
2025-01-18 12:54:41 #911(controller) <7n3qic>; map; http_map_finish: https://maps.rspamd.com/rspamd/mid.inc.zst(151.115.41.123:443): read map data 553 bytes compressed, 997 uncompressed, next check at Sat, 18 Jan 2025 15:54:41 GMT
2025-01-18 12:54:41 #911(controller) <7n3qic>; map; rspamd_map_save_http_cached_file: saved data from https://maps.rspamd.com/rspamd/mid.inc.zst in /var/lib/rspamd/cb5a8189726ac3a8880e1c44ed6220c6d794521b.map, 1037 bytes
2025-01-18 12:54:41 #911(controller) <7n3qic>; map; rspamd_map_file_read_callback: rereading map file /etc/rspamd/local.d/maps.d/mid.inc
2025-01-18 12:54:41 #911(controller) <7n3qic>; map; read_map_file: /etc/rspamd/local.d/maps.d/mid.inc: map file is not found; it will be read automatically if created
2025-01-18 12:54:41 #911(controller) <7n3qic>; map; rspamd_map_file_read_callback: rereading map file /etc/rspamd/local.d/mid.inc
2025-01-18 12:54:41 #911(controller) <7n3qic>; map; read_map_file: /etc/rspamd/local.d/mid.inc: map file is not found; it will be read automatically if created
2025-01-18 12:54:41 #911(controller) <7n3qic>; map; rspamd_kv_list_fin: read hash of 42 elements from https://maps.rspamd.com/rspamd/mid.inc.zst
2025-01-18 12:54:41 #911(controller) <u9r7uu>; map; http_map_finish: https://maps.rspamd.com/rspamd/redirectors.inc.zst(151.115.41.123:443): read map data 5189 bytes compressed, 12310 uncompressed, next check at Sat, 18 Jan 2025 15:54:41 GMT
2025-01-18 12:54:41 #911(controller) <u9r7uu>; map; rspamd_map_save_http_cached_file: saved data from https://maps.rspamd.com/rspamd/redirectors.inc.zst in /var/lib/rspamd/f3933e67d5f9574a9eaf78cd0a8e99140ecc502e.map, 12350 bytes
2025-01-18 12:54:41 #911(controller) <u9r7uu>; map; rspamd_kv_list_fin: read hash of 1196 elements from https://maps.rspamd.com/rspamd/redirectors.inc.zst
2025-01-18 12:54:41 #916(hs_helper) <b6d9e2>; re_cache; rspamd_re_cache_compile_timer_cb: compiled class header(X-PHP-Originating-Script) to cache 960853, 4/4 regexps
2025-01-18 12:54:41 #916(hs_helper) <b6d9e2>; re_cache; rspamd_re_cache_compile_timer_cb: compiled class header(X-PHP-Script) to cache a445af, 3/3 regexps
2025-01-18 12:54:42 #911(controller) <k8f914>; map; http_map_finish: need to reread map from https://maps.rspamd.com/freemail/disposable.txt.zst
2025-01-18 12:54:42 #916(hs_helper) <b6d9e2>; re_cache; rspamd_re_cache_compile_timer_cb: compiled class header(User-Agent) to cache c27ffd, 8/8 regexps
2025-01-18 12:54:42 #916(hs_helper) <b6d9e2>; re_cache; rspamd_re_cache_compile_timer_cb: compiled class header(X-Mailer) to cache 4eb1c5, 18/18 regexps
2025-01-18 12:54:42 #916(hs_helper) <b6d9e2>; re_cache; rspamd_re_cache_compile_timer_cb: compiled class part to cache 061957, 1/1 regexps
2025-01-18 12:54:42 #916(hs_helper) <b6d9e2>; re_cache; rspamd_re_cache_compile_timer_cb: compiled class raw header(X-PHP-Originating-Script) to cache 05c783, 1/1 regexps
2025-01-18 12:54:42 #911(controller) <fdp86m>; map; http_map_finish: need to reread map from https://maps.rspamd.com/freemail/free.txt.zst
2025-01-18 12:54:42 #916(hs_helper) <b6d9e2>; re_cache; rspamd_re_cache_compile_timer_cb: compiled class header(Reply-To) to cache cce837, 3/3 regexps
2025-01-18 12:54:42 #911(controller) <k8f914>; map; http_map_finish: https://maps.rspamd.com/freemail/disposable.txt.zst(151.115.41.123:443): read map data 6364 bytes compressed, 15599 uncompressed, next check at Sat, 18 Jan 2025 15:54:42 GMT
2025-01-18 12:54:42 #911(controller) <k8f914>; map; rspamd_map_save_http_cached_file: saved data from https://maps.rspamd.com/freemail/disposable.txt.zst in /var/lib/rspamd/ea942f35f2c82e84bdb7b8ceb34537f7dbe986eb.map, 15639 bytes
2025-01-18 12:54:42 #911(controller) <k8f914>; map; rspamd_kv_list_fin: read hash of 1148 elements from https://maps.rspamd.com/freemail/disposable.txt.zst
2025-01-18 12:54:42 #916(hs_helper) <b6d9e2>; re_cache; rspamd_re_cache_compile_timer_cb: compiled class header(X-Spam-Flag) to cache 76a2c9, 1/1 regexps
2025-01-18 12:54:42 #911(controller) <qbq3yk>; map; http_map_finish: need to reread map from https://maps.rspamd.com/rspamd/surbl-whitelist.inc.zst
2025-01-18 12:54:42 #916(hs_helper) <b6d9e2>; re_cache; rspamd_re_cache_compile_timer_cb: compiled class header(Message-Id) to cache ca88e8, 13/13 regexps
2025-01-18 12:54:42 #916(hs_helper) <b6d9e2>; re_cache; rspamd_re_cache_compile_timer_cb: compiled class header(Precedence) to cache 0518f4, 1/1 regexps
2025-01-18 12:54:42 #911(controller) <fdp86m>; map; http_map_finish: https://maps.rspamd.com/freemail/free.txt.zst(88.198.198.21:443): read map data 17012 bytes compressed, 56272 uncompressed, next check at Sat, 18 Jan 2025 15:54:42 GMT
2025-01-18 12:54:42 #911(controller) <fdp86m>; map; rspamd_map_save_http_cached_file: saved data from https://maps.rspamd.com/freemail/free.txt.zst in /var/lib/rspamd/65b4e39783c10c8ed89dbec4983259f22418f34d.map, 56312 bytes
2025-01-18 12:54:42 #911(controller) <fdp86m>; map; rspamd_kv_list_fin: read hash of 4007 elements from https://maps.rspamd.com/freemail/free.txt.zst
2025-01-18 12:54:42 #916(hs_helper) <b6d9e2>; re_cache; rspamd_re_cache_compile_timer_cb: compiled class sa raw body to cache d071b7, 3/3 regexps
2025-01-18 12:54:42 #916(hs_helper) <b6d9e2>; re_cache; rspamd_re_cache_compile_timer_cb: compiled class header(List-Unsubscribe) to cache 3f8893, 1/1 regexps
2025-01-18 12:54:42 #911(controller) <qbq3yk>; map; http_map_finish: https://maps.rspamd.com/rspamd/surbl-whitelist.inc.zst(151.115.41.123:443): read map data 4159 bytes compressed, 11647 uncompressed, next check at Sat, 18 Jan 2025 15:54:42 GMT
2025-01-18 12:54:42 #911(controller) <qbq3yk>; map; rspamd_map_save_http_cached_file: saved data from https://maps.rspamd.com/rspamd/surbl-whitelist.inc.zst in /var/lib/rspamd/8fe64ecd161a46f91a78ece93609cb863f9f42f2.map, 11687 bytes
2025-01-18 12:54:42 #911(controller) <qbq3yk>; map; rspamd_map_file_read_callback: rereading map file /etc/rspamd/local.d/maps.d/surbl-whitelist.inc.local
2025-01-18 12:54:42 #911(controller) <qbq3yk>; map; read_map_file: /etc/rspamd/local.d/maps.d/surbl-whitelist.inc.local: map file is not found; it will be read automatically if created
2025-01-18 12:54:42 #911(controller) <qbq3yk>; map; rspamd_map_file_read_callback: rereading map file /var/lib/rspamd/surbl-whitelist.inc.local
2025-01-18 12:54:42 #911(controller) <qbq3yk>; map; read_map_file: /var/lib/rspamd/surbl-whitelist.inc.local: map file is not found; it will be read automatically if created
2025-01-18 12:54:42 #911(controller) <qbq3yk>; map; rspamd_kv_list_fin: read hash of 828 elements from https://maps.rspamd.com/rspamd/surbl-whitelist.inc.zst
2025-01-18 12:54:43 #916(hs_helper) <b6d9e2>; re_cache; rspamd_re_cache_compile_timer_cb: compiled class raw header(Cc) to cache 971937, 2/2 regexps
2025-01-18 12:54:43 #916(hs_helper) <b6d9e2>; re_cache; rspamd_re_cache_compile_timer_cb: compiled class header(Message-ID) to cache 23dd8a, 7/7 regexps
2025-01-18 12:54:43 #916(hs_helper) <b6d9e2>; re_cache; rspamd_re_cache_compile_timer_cb: compiled class header(From) to cache b24026, 3/3 regexps
2025-01-18 12:54:43 #916(hs_helper) <b6d9e2>; re_cache; rspamd_re_cache_compile_timer_cb: compiled class raw header(Reply-To) to cache 660415, 2/2 regexps
2025-01-18 12:54:43 #916(hs_helper) <b6d9e2>; re_cache; rspamd_re_cache_compile_timer_cb: compiled class raw header(Received) to cache d6e084, 15/15 regexps
2025-01-18 12:54:43 #916(hs_helper) <b6d9e2>; re_cache; rspamd_re_cache_compile_timer_cb: compiled class header(X-KLMS-AntiSpam-Status) to cache 1bbaca, 1/1 regexps
2025-01-18 12:54:43 #916(hs_helper) <b6d9e2>; re_cache; rspamd_re_cache_compile_timer_cb: compiled class header(Date) to cache 4e860a, 1/1 regexps
2025-01-18 12:54:43 #916(hs_helper) <b6d9e2>; re_cache; rspamd_re_cache_compile_timer_cb: compiled class header(X-Authentication-Warning) to cache fc16d4, 1/1 regexps
2025-01-18 12:54:43 #916(hs_helper) <b6d9e2>; re_cache; rspamd_re_cache_compile_timer_cb: compiled class url to cache 15daf7, 6/6 regexps
2025-01-18 12:54:43 #916(hs_helper) <b6d9e2>; re_cache; rspamd_re_cache_compile_timer_cb: compiled class header(X-Spam) to cache cd3264, 1/1 regexps
2025-01-18 12:54:44 #916(hs_helper) <b6d9e2>; re_cache; rspamd_re_cache_compile_timer_cb: compiled class header(Received) to cache 5ce9bf, 13/13 regexps
2025-01-18 12:54:44 #916(hs_helper) rspamd_rs_compile_cb: compiled 174 regular expressions to the hyperscan tree, postpone loaded notification for 1 seconds to avoid races
2025-01-18 12:54:45 #739(main) <b6d9e2>; re_cache; rspamd_re_cache_load_hyperscan: full hyperscan database of 174 regexps has been loaded
2025-01-18 12:54:45 #915(normal) rspamd_worker_hyperscan_ready: loading hyperscan expressions after receiving compilation notice: new db
2025-01-18 12:54:45 #912(normal) rspamd_worker_hyperscan_ready: loading hyperscan expressions after receiving compilation notice: new db
2025-01-18 12:54:45 #913(normal) rspamd_worker_hyperscan_ready: loading hyperscan expressions after receiving compilation notice: new db
2025-01-18 12:54:45 #911(controller) rspamd_worker_hyperscan_ready: loading hyperscan expressions after receiving compilation notice: new db
2025-01-18 12:54:45 #914(normal) rspamd_worker_hyperscan_ready: loading hyperscan expressions after receiving compilation notice: new db
2025-01-18 12:54:45 #911(controller) <b6d9e2>; re_cache; rspamd_re_cache_load_hyperscan: full hyperscan database of 174 regexps has been loaded
2025-01-18 12:54:45 #915(normal) <b6d9e2>; re_cache; rspamd_re_cache_load_hyperscan: full hyperscan database of 174 regexps has been loaded
2025-01-18 12:54:45 #913(normal) <b6d9e2>; re_cache; rspamd_re_cache_load_hyperscan: full hyperscan database of 174 regexps has been loaded
2025-01-18 12:54:45 #912(normal) <b6d9e2>; re_cache; rspamd_re_cache_load_hyperscan: full hyperscan database of 174 regexps has been loaded
2025-01-18 12:54:45 #914(normal) <b6d9e2>; re_cache; rspamd_re_cache_load_hyperscan: full hyperscan database of 174 regexps has been loaded
2025-01-18 12:55:09 #915(normal) <qamb1r>; map; rspamd_map_common_http_callback: need to reread cached map triggered by https://maps.rspamd.com/rspamd/dmarc_whitelist_new.inc.zst (0 our modify time, 1722196786 cached modify time)
2025-01-18 12:55:09 #915(normal) <qamb1r>; map; rspamd_map_read_cached: https://maps.rspamd.com/rspamd/dmarc_whitelist_new.inc.zst: read map data cached 4199 bytes compressed, 10866 uncompressed
2025-01-18 12:55:09 #915(normal) <qamb1r>; map; rspamd_map_file_read_callback: rereading map file /etc/rspamd/local.d/maps.d/dmarc_whitelist.inc.local
2025-01-18 12:55:09 #915(normal) <qamb1r>; map; read_map_file: /etc/rspamd/local.d/maps.d/dmarc_whitelist.inc.local: map file is not found; it will be read automatically if created
2025-01-18 12:55:09 #915(normal) <qamb1r>; map; rspamd_map_file_read_callback: rereading map file /var/lib/rspamd/dmarc_whitelist.inc.local
2025-01-18 12:55:09 #915(normal) <qamb1r>; map; read_map_file: /var/lib/rspamd/dmarc_whitelist.inc.local: map file is not found; it will be read automatically if created
2025-01-18 12:55:09 #915(normal) <qamb1r>; map; rspamd_kv_list_fin: read hash of 787 elements from https://maps.rspamd.com/rspamd/dmarc_whitelist_new.inc.zst
2025-01-18 12:55:11 #914(normal) <u9r7uu>; map; rspamd_map_common_http_callback: need to reread cached map triggered by https://maps.rspamd.com/rspamd/redirectors.inc.zst (0 our modify time, 1727726800 cached modify time)
2025-01-18 12:55:11 #914(normal) <u9r7uu>; map; rspamd_map_read_cached: https://maps.rspamd.com/rspamd/redirectors.inc.zst: read map data cached 5189 bytes compressed, 12310 uncompressed
2025-01-18 12:55:11 #914(normal) <u9r7uu>; map; rspamd_kv_list_fin: read hash of 1196 elements from https://maps.rspamd.com/rspamd/redirectors.inc.zst
2025-01-18 12:55:11 #914(normal) <dyatkr>; map; rspamd_map_common_http_callback: need to reread cached map triggered by https://maps.rspamd.com/rspamd/spf_dkim_whitelist.inc.zst (0 our modify time, 1633989604 cached modify time)
2025-01-18 12:55:11 #914(normal) <dyatkr>; map; rspamd_map_read_cached: https://maps.rspamd.com/rspamd/spf_dkim_whitelist.inc.zst: read map data cached 1233 bytes compressed, 2871 uncompressed
2025-01-18 12:55:11 #914(normal) <dyatkr>; map; rspamd_map_file_read_callback: rereading map file /etc/rspamd/local.d/maps.d/spf_dkim_whitelist.inc.local
2025-01-18 12:55:11 #914(normal) <dyatkr>; map; read_map_file: /etc/rspamd/local.d/maps.d/spf_dkim_whitelist.inc.local: map file is not found; it will be read automatically if created
2025-01-18 12:55:11 #914(normal) <dyatkr>; map; rspamd_map_file_read_callback: rereading map file /var/lib/rspamd/spf_dkim_whitelist.inc.local
2025-01-18 12:55:11 #914(normal) <dyatkr>; map; read_map_file: /var/lib/rspamd/spf_dkim_whitelist.inc.local: map file is not found; it will be read automatically if created
2025-01-18 12:55:11 #914(normal) <dyatkr>; map; rspamd_kv_list_fin: read hash of 237 elements from https://maps.rspamd.com/rspamd/spf_dkim_whitelist.inc.zst
2025-01-18 12:55:12 #912(normal) <u9r7uu>; map; rspamd_map_common_http_callback: need to reread cached map triggered by https://maps.rspamd.com/rspamd/redirectors.inc.zst (0 our modify time, 1727726800 cached modify time)
2025-01-18 12:55:12 #912(normal) <u9r7uu>; map; rspamd_map_read_cached: https://maps.rspamd.com/rspamd/redirectors.inc.zst: read map data cached 5189 bytes compressed, 12310 uncompressed
2025-01-18 12:55:12 #912(normal) <u9r7uu>; map; rspamd_kv_list_fin: read hash of 1196 elements from https://maps.rspamd.com/rspamd/redirectors.inc.zst
2025-01-18 12:55:12 #913(normal) <k8f914>; map; rspamd_map_common_http_callback: need to reread cached map triggered by https://maps.rspamd.com/freemail/disposable.txt.zst (0 our modify time, 1726853611 cached modify time)
2025-01-18 12:55:12 #913(normal) <k8f914>; map; rspamd_map_read_cached: https://maps.rspamd.com/freemail/disposable.txt.zst: read map data cached 6364 bytes compressed, 15599 uncompressed
2025-01-18 12:55:12 #913(normal) <k8f914>; map; rspamd_kv_list_fin: read hash of 1148 elements from https://maps.rspamd.com/freemail/disposable.txt.zst
2025-01-18 12:55:12 #915(normal) <dyatkr>; map; rspamd_map_common_http_callback: need to reread cached map triggered by https://maps.rspamd.com/rspamd/spf_dkim_whitelist.inc.zst (0 our modify time, 1633989604 cached modify time)
2025-01-18 12:55:12 #915(normal) <dyatkr>; map; rspamd_map_read_cached: https://maps.rspamd.com/rspamd/spf_dkim_whitelist.inc.zst: read map data cached 1233 bytes compressed, 2871 uncompressed
2025-01-18 12:55:12 #915(normal) <dyatkr>; map; rspamd_map_file_read_callback: rereading map file /etc/rspamd/local.d/maps.d/spf_dkim_whitelist.inc.local
2025-01-18 12:55:12 #915(normal) <dyatkr>; map; read_map_file: /etc/rspamd/local.d/maps.d/spf_dkim_whitelist.inc.local: map file is not found; it will be read automatically if created
2025-01-18 12:55:12 #915(normal) <dyatkr>; map; rspamd_map_file_read_callback: rereading map file /var/lib/rspamd/spf_dkim_whitelist.inc.local
2025-01-18 12:55:12 #915(normal) <dyatkr>; map; read_map_file: /var/lib/rspamd/spf_dkim_whitelist.inc.local: map file is not found; it will be read automatically if created
2025-01-18 12:55:12 #915(normal) <dyatkr>; map; rspamd_kv_list_fin: read hash of 237 elements from https://maps.rspamd.com/rspamd/spf_dkim_whitelist.inc.zst
2025-01-18 12:55:12 #911(controller) <prfoy8>; monitored; rspamd_monitored_dns_cb: DNS reply returned 'no error' for list.dnswl.org while 'no records with this name' was expected when querying for '1.0.0.127.list.dnswl.org'(likely DNS spoofing or BL internal issues)
2025-01-18 12:55:13 #912(normal) <qbq3yk>; map; rspamd_map_common_http_callback: need to reread cached map triggered by https://maps.rspamd.com/rspamd/surbl-whitelist.inc.zst (0 our modify time, 1532778047 cached modify time)
2025-01-18 12:55:13 #912(normal) <qbq3yk>; map; rspamd_map_read_cached: https://maps.rspamd.com/rspamd/surbl-whitelist.inc.zst: read map data cached 4159 bytes compressed, 11647 uncompressed
2025-01-18 12:55:13 #912(normal) <qbq3yk>; map; rspamd_map_file_read_callback: rereading map file /etc/rspamd/local.d/maps.d/surbl-whitelist.inc.local
2025-01-18 12:55:13 #912(normal) <qbq3yk>; map; read_map_file: /etc/rspamd/local.d/maps.d/surbl-whitelist.inc.local: map file is not found; it will be read automatically if created
2025-01-18 12:55:13 #912(normal) <qbq3yk>; map; rspamd_map_file_read_callback: rereading map file /var/lib/rspamd/surbl-whitelist.inc.local
2025-01-18 12:55:13 #912(normal) <qbq3yk>; map; read_map_file: /var/lib/rspamd/surbl-whitelist.inc.local: map file is not found; it will be read automatically if created
2025-01-18 12:55:13 #912(normal) <qbq3yk>; map; rspamd_kv_list_fin: read hash of 828 elements from https://maps.rspamd.com/rspamd/surbl-whitelist.inc.zst
2025-01-18 12:55:13 #912(normal) <qamb1r>; map; rspamd_map_common_http_callback: need to reread cached map triggered by https://maps.rspamd.com/rspamd/dmarc_whitelist_new.inc.zst (0 our modify time, 1722196786 cached modify time)
2025-01-18 12:55:13 #912(normal) <qamb1r>; map; rspamd_map_read_cached: https://maps.rspamd.com/rspamd/dmarc_whitelist_new.inc.zst: read map data cached 4199 bytes compressed, 10866 uncompressed
2025-01-18 12:55:13 #912(normal) <qamb1r>; map; rspamd_map_file_read_callback: rereading map file /etc/rspamd/local.d/maps.d/dmarc_whitelist.inc.local
2025-01-18 12:55:13 #912(normal) <qamb1r>; map; read_map_file: /etc/rspamd/local.d/maps.d/dmarc_whitelist.inc.local: map file is not found; it will be read automatically if created
2025-01-18 12:55:13 #912(normal) <qamb1r>; map; rspamd_map_file_read_callback: rereading map file /var/lib/rspamd/dmarc_whitelist.inc.local
2025-01-18 12:55:13 #912(normal) <qamb1r>; map; read_map_file: /var/lib/rspamd/dmarc_whitelist.inc.local: map file is not found; it will be read automatically if created
2025-01-18 12:55:13 #912(normal) <qamb1r>; map; rspamd_kv_list_fin: read hash of 787 elements from https://maps.rspamd.com/rspamd/dmarc_whitelist_new.inc.zst
2025-01-18 12:55:15 #914(normal) <o33omj>; map; rspamd_map_common_http_callback: need to reread cached map triggered by https://maps.rspamd.com/rspamd/mime_types.inc.zst (0 our modify time, 1721986922 cached modify time)
2025-01-18 12:55:15 #914(normal) <o33omj>; map; rspamd_map_read_cached: https://maps.rspamd.com/rspamd/mime_types.inc.zst: read map data cached 9624 bytes compressed, 48331 uncompressed
2025-01-18 12:55:15 #914(normal) <o33omj>; map; rspamd_map_file_read_callback: rereading map file /etc/rspamd/local.d/maps.d/mime_types.inc.local
2025-01-18 12:55:15 #914(normal) <o33omj>; map; read_map_file: /etc/rspamd/local.d/maps.d/mime_types.inc.local: map file is not found; it will be read automatically if created
2025-01-18 12:55:15 #914(normal) <o33omj>; map; rspamd_map_file_read_callback: rereading map file /var/lib/rspamd/mime_types.inc.local
2025-01-18 12:55:15 #914(normal) <o33omj>; map; read_map_file: /var/lib/rspamd/mime_types.inc.local: map file is not found; it will be read automatically if created
2025-01-18 12:55:15 #914(normal) <o33omj>; map; rspamd_kv_list_fin: read hash of 1546 elements from https://maps.rspamd.com/rspamd/mime_types.inc.zst
2025-01-18 12:55:17 #913(normal) <fdp86m>; map; rspamd_map_common_http_callback: need to reread cached map triggered by https://maps.rspamd.com/freemail/free.txt.zst (0 our modify time, 1688054402 cached modify time)
2025-01-18 12:55:17 #913(normal) <fdp86m>; map; rspamd_map_read_cached: https://maps.rspamd.com/freemail/free.txt.zst: read map data cached 17012 bytes compressed, 56272 uncompressed
2025-01-18 12:55:17 #913(normal) <fdp86m>; map; rspamd_kv_list_fin: read hash of 4007 elements from https://maps.rspamd.com/freemail/free.txt.zst
2025-01-18 12:55:19 #912(normal) <fdp86m>; map; rspamd_map_common_http_callback: need to reread cached map triggered by https://maps.rspamd.com/freemail/free.txt.zst (0 our modify time, 1688054402 cached modify time)
2025-01-18 12:55:19 #912(normal) <fdp86m>; map; rspamd_map_read_cached: https://maps.rspamd.com/freemail/free.txt.zst: read map data cached 17012 bytes compressed, 56272 uncompressed
2025-01-18 12:55:19 #912(normal) <fdp86m>; map; rspamd_kv_list_fin: read hash of 4007 elements from https://maps.rspamd.com/freemail/free.txt.zst
2025-01-18 12:55:19 #913(normal) <7n3qic>; map; rspamd_map_common_http_callback: need to reread cached map triggered by https://maps.rspamd.com/rspamd/mid.inc.zst (0 our modify time, 1704177519 cached modify time)
2025-01-18 12:55:19 #913(normal) <7n3qic>; map; rspamd_map_read_cached: https://maps.rspamd.com/rspamd/mid.inc.zst: read map data cached 553 bytes compressed, 997 uncompressed
2025-01-18 12:55:19 #913(normal) <7n3qic>; map; rspamd_map_file_read_callback: rereading map file /etc/rspamd/local.d/maps.d/mid.inc
2025-01-18 12:55:19 #913(normal) <7n3qic>; map; read_map_file: /etc/rspamd/local.d/maps.d/mid.inc: map file is not found; it will be read automatically if created
2025-01-18 12:55:19 #913(normal) <7n3qic>; map; rspamd_map_file_read_callback: rereading map file /etc/rspamd/local.d/mid.inc
2025-01-18 12:55:19 #913(normal) <7n3qic>; map; read_map_file: /etc/rspamd/local.d/mid.inc: map file is not found; it will be read automatically if created
2025-01-18 12:55:19 #913(normal) <7n3qic>; map; rspamd_kv_list_fin: read hash of 42 elements from https://maps.rspamd.com/rspamd/mid.inc.zst
2025-01-18 12:55:22 #912(normal) <o33omj>; map; rspamd_map_common_http_callback: need to reread cached map triggered by https://maps.rspamd.com/rspamd/mime_types.inc.zst (0 our modify time, 1721986922 cached modify time)
2025-01-18 12:55:22 #912(normal) <o33omj>; map; rspamd_map_read_cached: https://maps.rspamd.com/rspamd/mime_types.inc.zst: read map data cached 9624 bytes compressed, 48331 uncompressed
2025-01-18 12:55:22 #912(normal) <o33omj>; map; rspamd_map_file_read_callback: rereading map file /etc/rspamd/local.d/maps.d/mime_types.inc.local
2025-01-18 12:55:22 #912(normal) <o33omj>; map; read_map_file: /etc/rspamd/local.d/maps.d/mime_types.inc.local: map file is not found; it will be read automatically if created
2025-01-18 12:55:22 #912(normal) <o33omj>; map; rspamd_map_file_read_callback: rereading map file /var/lib/rspamd/mime_types.inc.local
2025-01-18 12:55:22 #912(normal) <o33omj>; map; read_map_file: /var/lib/rspamd/mime_types.inc.local: map file is not found; it will be read automatically if created
2025-01-18 12:55:22 #912(normal) <o33omj>; map; rspamd_kv_list_fin: read hash of 1546 elements from https://maps.rspamd.com/rspamd/mime_types.inc.zst
2025-01-18 12:55:23 #914(normal) <fdp86m>; map; rspamd_map_common_http_callback: need to reread cached map triggered by https://maps.rspamd.com/freemail/free.txt.zst (0 our modify time, 1688054402 cached modify time)
2025-01-18 12:55:23 #914(normal) <fdp86m>; map; rspamd_map_read_cached: https://maps.rspamd.com/freemail/free.txt.zst: read map data cached 17012 bytes compressed, 56272 uncompressed
2025-01-18 12:55:23 #914(normal) <fdp86m>; map; rspamd_kv_list_fin: read hash of 4007 elements from https://maps.rspamd.com/freemail/free.txt.zst
2025-01-18 12:55:23 #915(normal) <o33omj>; map; rspamd_map_common_http_callback: need to reread cached map triggered by https://maps.rspamd.com/rspamd/mime_types.inc.zst (0 our modify time, 1721986922 cached modify time)
2025-01-18 12:55:23 #915(normal) <o33omj>; map; rspamd_map_read_cached: https://maps.rspamd.com/rspamd/mime_types.inc.zst: read map data cached 9624 bytes compressed, 48331 uncompressed
2025-01-18 12:55:23 #915(normal) <o33omj>; map; rspamd_map_file_read_callback: rereading map file /etc/rspamd/local.d/maps.d/mime_types.inc.local
2025-01-18 12:55:23 #915(normal) <o33omj>; map; read_map_file: /etc/rspamd/local.d/maps.d/mime_types.inc.local: map file is not found; it will be read automatically if created
2025-01-18 12:55:23 #915(normal) <o33omj>; map; rspamd_map_file_read_callback: rereading map file /var/lib/rspamd/mime_types.inc.local
2025-01-18 12:55:23 #915(normal) <o33omj>; map; read_map_file: /var/lib/rspamd/mime_types.inc.local: map file is not found; it will be read automatically if created
2025-01-18 12:55:23 #915(normal) <o33omj>; map; rspamd_kv_list_fin: read hash of 1546 elements from https://maps.rspamd.com/rspamd/mime_types.inc.zst
2025-01-18 12:55:24 #915(normal) <fdp86m>; map; rspamd_map_common_http_callback: need to reread cached map triggered by https://maps.rspamd.com/freemail/free.txt.zst (0 our modify time, 1688054402 cached modify time)
2025-01-18 12:55:24 #915(normal) <fdp86m>; map; rspamd_map_read_cached: https://maps.rspamd.com/freemail/free.txt.zst: read map data cached 17012 bytes compressed, 56272 uncompressed
2025-01-18 12:55:24 #915(normal) <fdp86m>; map; rspamd_kv_list_fin: read hash of 4007 elements from https://maps.rspamd.com/freemail/free.txt.zst
2025-01-18 12:55:26 #915(normal) <k8f914>; map; rspamd_map_common_http_callback: need to reread cached map triggered by https://maps.rspamd.com/freemail/disposable.txt.zst (0 our modify time, 1726853611 cached modify time)
2025-01-18 12:55:26 #915(normal) <k8f914>; map; rspamd_map_read_cached: https://maps.rspamd.com/freemail/disposable.txt.zst: read map data cached 6364 bytes compressed, 15599 uncompressed
2025-01-18 12:55:26 #915(normal) <k8f914>; map; rspamd_kv_list_fin: read hash of 1148 elements from https://maps.rspamd.com/freemail/disposable.txt.zst
2025-01-18 12:55:27 #911(controller) <k4k3se>; monitored; rspamd_monitored_dns_cb: DNS reply returned 'no error' for bl.score.senderscore.com while 'no records with this name' was expected when querying for '1.0.0.127.bl.score.senderscore.com'(likely DNS spoofing or BL internal issues)
2025-01-18 12:55:28 #911(controller) <1ccygw>; monitored; rspamd_monitored_dns_cb: DNS reply returned 'no error' for dwl.dnswl.org while 'no records with this name' was expected when querying for 'ev26ZrPJ3WU9gj04GeorfXquaRc.dwl.dnswl.org'(likely DNS spoofing or BL internal issues)
2025-01-18 12:55:30 #911(controller) <prfoy8>; monitored; rspamd_monitored_dns_cb: DNS reply returned 'no error' for list.dnswl.org while 'no records with this name' was expected when querying for '1.0.0.127.list.dnswl.org'(likely DNS spoofing or BL internal issues)
2025-01-18 12:55:31 #913(normal) <dyatkr>; map; rspamd_map_common_http_callback: need to reread cached map triggered by https://maps.rspamd.com/rspamd/spf_dkim_whitelist.inc.zst (0 our modify time, 1633989604 cached modify time)
2025-01-18 12:55:31 #913(normal) <dyatkr>; map; rspamd_map_read_cached: https://maps.rspamd.com/rspamd/spf_dkim_whitelist.inc.zst: read map data cached 1233 bytes compressed, 2871 uncompressed
2025-01-18 12:55:31 #913(normal) <dyatkr>; map; rspamd_map_file_read_callback: rereading map file /etc/rspamd/local.d/maps.d/spf_dkim_whitelist.inc.local
2025-01-18 12:55:31 #913(normal) <dyatkr>; map; read_map_file: /etc/rspamd/local.d/maps.d/spf_dkim_whitelist.inc.local: map file is not found; it will be read automatically if created
2025-01-18 12:55:31 #913(normal) <dyatkr>; map; rspamd_map_file_read_callback: rereading map file /var/lib/rspamd/spf_dkim_whitelist.inc.local
2025-01-18 12:55:31 #913(normal) <dyatkr>; map; read_map_file: /var/lib/rspamd/spf_dkim_whitelist.inc.local: map file is not found; it will be read automatically if created
2025-01-18 12:55:31 #913(normal) <dyatkr>; map; rspamd_kv_list_fin: read hash of 237 elements from https://maps.rspamd.com/rspamd/spf_dkim_whitelist.inc.zst
2025-01-18 12:55:32 #913(normal) <o33omj>; map; rspamd_map_common_http_callback: need to reread cached map triggered by https://maps.rspamd.com/rspamd/mime_types.inc.zst (0 our modify time, 1721986922 cached modify time)
2025-01-18 12:55:32 #913(normal) <o33omj>; map; rspamd_map_read_cached: https://maps.rspamd.com/rspamd/mime_types.inc.zst: read map data cached 9624 bytes compressed, 48331 uncompressed
2025-01-18 12:55:32 #913(normal) <o33omj>; map; rspamd_map_file_read_callback: rereading map file /etc/rspamd/local.d/maps.d/mime_types.inc.local
2025-01-18 12:55:32 #913(normal) <o33omj>; map; read_map_file: /etc/rspamd/local.d/maps.d/mime_types.inc.local: map file is not found; it will be read automatically if created
2025-01-18 12:55:32 #913(normal) <o33omj>; map; rspamd_map_file_read_callback: rereading map file /var/lib/rspamd/mime_types.inc.local
2025-01-18 12:55:32 #913(normal) <o33omj>; map; read_map_file: /var/lib/rspamd/mime_types.inc.local: map file is not found; it will be read automatically if created
2025-01-18 12:55:32 #913(normal) <o33omj>; map; rspamd_kv_list_fin: read hash of 1546 elements from https://maps.rspamd.com/rspamd/mime_types.inc.zst
2025-01-18 12:55:32 #914(normal) <qamb1r>; map; rspamd_map_common_http_callback: need to reread cached map triggered by https://maps.rspamd.com/rspamd/dmarc_whitelist_new.inc.zst (0 our modify time, 1722196786 cached modify time)
2025-01-18 12:55:32 #914(normal) <qamb1r>; map; rspamd_map_read_cached: https://maps.rspamd.com/rspamd/dmarc_whitelist_new.inc.zst: read map data cached 4199 bytes compressed, 10866 uncompressed
2025-01-18 12:55:32 #914(normal) <qamb1r>; map; rspamd_map_file_read_callback: rereading map file /etc/rspamd/local.d/maps.d/dmarc_whitelist.inc.local
2025-01-18 12:55:32 #914(normal) <qamb1r>; map; read_map_file: /etc/rspamd/local.d/maps.d/dmarc_whitelist.inc.local: map file is not found; it will be read automatically if created
2025-01-18 12:55:32 #914(normal) <qamb1r>; map; rspamd_map_file_read_callback: rereading map file /var/lib/rspamd/dmarc_whitelist.inc.local
2025-01-18 12:55:32 #914(normal) <qamb1r>; map; read_map_file: /var/lib/rspamd/dmarc_whitelist.inc.local: map file is not found; it will be read automatically if created
2025-01-18 12:55:32 #914(normal) <qamb1r>; map; rspamd_kv_list_fin: read hash of 787 elements from https://maps.rspamd.com/rspamd/dmarc_whitelist_new.inc.zst
2025-01-18 12:55:32 #914(normal) <qbq3yk>; map; rspamd_map_common_http_callback: need to reread cached map triggered by https://maps.rspamd.com/rspamd/surbl-whitelist.inc.zst (0 our modify time, 1532778047 cached modify time)
2025-01-18 12:55:32 #914(normal) <qbq3yk>; map; rspamd_map_read_cached: https://maps.rspamd.com/rspamd/surbl-whitelist.inc.zst: read map data cached 4159 bytes compressed, 11647 uncompressed
2025-01-18 12:55:32 #914(normal) <qbq3yk>; map; rspamd_map_file_read_callback: rereading map file /etc/rspamd/local.d/maps.d/surbl-whitelist.inc.local
2025-01-18 12:55:32 #914(normal) <qbq3yk>; map; read_map_file: /etc/rspamd/local.d/maps.d/surbl-whitelist.inc.local: map file is not found; it will be read automatically if created
2025-01-18 12:55:32 #914(normal) <qbq3yk>; map; rspamd_map_file_read_callback: rereading map file /var/lib/rspamd/surbl-whitelist.inc.local
2025-01-18 12:55:32 #914(normal) <qbq3yk>; map; read_map_file: /var/lib/rspamd/surbl-whitelist.inc.local: map file is not found; it will be read automatically if created
2025-01-18 12:55:32 #914(normal) <qbq3yk>; map; rspamd_kv_list_fin: read hash of 828 elements from https://maps.rspamd.com/rspamd/surbl-whitelist.inc.zst
2025-01-18 12:55:32 #913(normal) <qamb1r>; map; rspamd_map_common_http_callback: need to reread cached map triggered by https://maps.rspamd.com/rspamd/dmarc_whitelist_new.inc.zst (0 our modify time, 1722196786 cached modify time)
2025-01-18 12:55:32 #913(normal) <qamb1r>; map; rspamd_map_read_cached: https://maps.rspamd.com/rspamd/dmarc_whitelist_new.inc.zst: read map data cached 4199 bytes compressed, 10866 uncompressed
2025-01-18 12:55:32 #913(normal) <qamb1r>; map; rspamd_map_file_read_callback: rereading map file /etc/rspamd/local.d/maps.d/dmarc_whitelist.inc.local
2025-01-18 12:55:32 #913(normal) <qamb1r>; map; read_map_file: /etc/rspamd/local.d/maps.d/dmarc_whitelist.inc.local: map file is not found; it will be read automatically if created
2025-01-18 12:55:32 #913(normal) <qamb1r>; map; rspamd_map_file_read_callback: rereading map file /var/lib/rspamd/dmarc_whitelist.inc.local
2025-01-18 12:55:32 #913(normal) <qamb1r>; map; read_map_file: /var/lib/rspamd/dmarc_whitelist.inc.local: map file is not found; it will be read automatically if created
2025-01-18 12:55:32 #913(normal) <qamb1r>; map; rspamd_kv_list_fin: read hash of 787 elements from https://maps.rspamd.com/rspamd/dmarc_whitelist_new.inc.zst
2025-01-18 12:55:33 #913(normal) <u9r7uu>; map; rspamd_map_common_http_callback: need to reread cached map triggered by https://maps.rspamd.com/rspamd/redirectors.inc.zst (0 our modify time, 1727726800 cached modify time)
2025-01-18 12:55:33 #913(normal) <u9r7uu>; map; rspamd_map_read_cached: https://maps.rspamd.com/rspamd/redirectors.inc.zst: read map data cached 5189 bytes compressed, 12310 uncompressed
2025-01-18 12:55:33 #913(normal) <u9r7uu>; map; rspamd_kv_list_fin: read hash of 1196 elements from https://maps.rspamd.com/rspamd/redirectors.inc.zst
2025-01-18 12:55:33 #915(normal) <u9r7uu>; map; rspamd_map_common_http_callback: need to reread cached map triggered by https://maps.rspamd.com/rspamd/redirectors.inc.zst (0 our modify time, 1727726800 cached modify time)
2025-01-18 12:55:33 #915(normal) <u9r7uu>; map; rspamd_map_read_cached: https://maps.rspamd.com/rspamd/redirectors.inc.zst: read map data cached 5189 bytes compressed, 12310 uncompressed
2025-01-18 12:55:33 #915(normal) <u9r7uu>; map; rspamd_kv_list_fin: read hash of 1196 elements from https://maps.rspamd.com/rspamd/redirectors.inc.zst
2025-01-18 12:55:34 #912(normal) <k8f914>; map; rspamd_map_common_http_callback: need to reread cached map triggered by https://maps.rspamd.com/freemail/disposable.txt.zst (0 our modify time, 1726853611 cached modify time)
2025-01-18 12:55:34 #912(normal) <k8f914>; map; rspamd_map_read_cached: https://maps.rspamd.com/freemail/disposable.txt.zst: read map data cached 6364 bytes compressed, 15599 uncompressed
2025-01-18 12:55:34 #912(normal) <k8f914>; map; rspamd_kv_list_fin: read hash of 1148 elements from https://maps.rspamd.com/freemail/disposable.txt.zst
2025-01-18 12:55:34 #914(normal) <k8f914>; map; rspamd_map_common_http_callback: need to reread cached map triggered by https://maps.rspamd.com/freemail/disposable.txt.zst (0 our modify time, 1726853611 cached modify time)
2025-01-18 12:55:34 #914(normal) <k8f914>; map; rspamd_map_read_cached: https://maps.rspamd.com/freemail/disposable.txt.zst: read map data cached 6364 bytes compressed, 15599 uncompressed
2025-01-18 12:55:34 #914(normal) <k8f914>; map; rspamd_kv_list_fin: read hash of 1148 elements from https://maps.rspamd.com/freemail/disposable.txt.zst
2025-01-18 12:55:34 #915(normal) <7n3qic>; map; rspamd_map_common_http_callback: need to reread cached map triggered by https://maps.rspamd.com/rspamd/mid.inc.zst (0 our modify time, 1704177519 cached modify time)
2025-01-18 12:55:34 #915(normal) <7n3qic>; map; rspamd_map_read_cached: https://maps.rspamd.com/rspamd/mid.inc.zst: read map data cached 553 bytes compressed, 997 uncompressed
2025-01-18 12:55:34 #915(normal) <7n3qic>; map; rspamd_map_file_read_callback: rereading map file /etc/rspamd/local.d/maps.d/mid.inc
2025-01-18 12:55:34 #915(normal) <7n3qic>; map; read_map_file: /etc/rspamd/local.d/maps.d/mid.inc: map file is not found; it will be read automatically if created
2025-01-18 12:55:34 #915(normal) <7n3qic>; map; rspamd_map_file_read_callback: rereading map file /etc/rspamd/local.d/mid.inc
2025-01-18 12:55:34 #915(normal) <7n3qic>; map; read_map_file: /etc/rspamd/local.d/mid.inc: map file is not found; it will be read automatically if created
2025-01-18 12:55:34 #915(normal) <7n3qic>; map; rspamd_kv_list_fin: read hash of 42 elements from https://maps.rspamd.com/rspamd/mid.inc.zst
2025-01-18 12:55:35 #911(controller) <imhkkk>; monitored; rspamd_monitored_dns_cb: DNS query blocked on multi.uribl.com (127.0.0.1 returned), possibly due to high volume
2025-01-18 12:55:35 #915(normal) <qbq3yk>; map; rspamd_map_common_http_callback: need to reread cached map triggered by https://maps.rspamd.com/rspamd/surbl-whitelist.inc.zst (0 our modify time, 1532778047 cached modify time)
2025-01-18 12:55:35 #915(normal) <qbq3yk>; map; rspamd_map_read_cached: https://maps.rspamd.com/rspamd/surbl-whitelist.inc.zst: read map data cached 4159 bytes compressed, 11647 uncompressed
2025-01-18 12:55:35 #915(normal) <qbq3yk>; map; rspamd_map_file_read_callback: rereading map file /etc/rspamd/local.d/maps.d/surbl-whitelist.inc.local
2025-01-18 12:55:35 #915(normal) <qbq3yk>; map; read_map_file: /etc/rspamd/local.d/maps.d/surbl-whitelist.inc.local: map file is not found; it will be read automatically if created
2025-01-18 12:55:35 #915(normal) <qbq3yk>; map; rspamd_map_file_read_callback: rereading map file /var/lib/rspamd/surbl-whitelist.inc.local
2025-01-18 12:55:35 #915(normal) <qbq3yk>; map; read_map_file: /var/lib/rspamd/surbl-whitelist.inc.local: map file is not found; it will be read automatically if created
2025-01-18 12:55:35 #915(normal) <qbq3yk>; map; rspamd_kv_list_fin: read hash of 828 elements from https://maps.rspamd.com/rspamd/surbl-whitelist.inc.zst
2025-01-18 12:55:36 #914(normal) <7n3qic>; map; rspamd_map_common_http_callback: need to reread cached map triggered by https://maps.rspamd.com/rspamd/mid.inc.zst (0 our modify time, 1704177519 cached modify time)
2025-01-18 12:55:36 #914(normal) <7n3qic>; map; rspamd_map_read_cached: https://maps.rspamd.com/rspamd/mid.inc.zst: read map data cached 553 bytes compressed, 997 uncompressed
2025-01-18 12:55:36 #914(normal) <7n3qic>; map; rspamd_map_file_read_callback: rereading map file /etc/rspamd/local.d/maps.d/mid.inc
2025-01-18 12:55:36 #914(normal) <7n3qic>; map; read_map_file: /etc/rspamd/local.d/maps.d/mid.inc: map file is not found; it will be read automatically if created
2025-01-18 12:55:36 #914(normal) <7n3qic>; map; rspamd_map_file_read_callback: rereading map file /etc/rspamd/local.d/mid.inc
2025-01-18 12:55:36 #914(normal) <7n3qic>; map; read_map_file: /etc/rspamd/local.d/mid.inc: map file is not found; it will be read automatically if created
2025-01-18 12:55:36 #914(normal) <7n3qic>; map; rspamd_kv_list_fin: read hash of 42 elements from https://maps.rspamd.com/rspamd/mid.inc.zst
2025-01-18 12:55:36 #913(normal) <qbq3yk>; map; rspamd_map_common_http_callback: need to reread cached map triggered by https://maps.rspamd.com/rspamd/surbl-whitelist.inc.zst (0 our modify time, 1532778047 cached modify time)
2025-01-18 12:55:36 #913(normal) <qbq3yk>; map; rspamd_map_read_cached: https://maps.rspamd.com/rspamd/surbl-whitelist.inc.zst: read map data cached 4159 bytes compressed, 11647 uncompressed
2025-01-18 12:55:36 #913(normal) <qbq3yk>; map; rspamd_map_file_read_callback: rereading map file /etc/rspamd/local.d/maps.d/surbl-whitelist.inc.local
2025-01-18 12:55:36 #913(normal) <qbq3yk>; map; read_map_file: /etc/rspamd/local.d/maps.d/surbl-whitelist.inc.local: map file is not found; it will be read automatically if created
2025-01-18 12:55:36 #913(normal) <qbq3yk>; map; rspamd_map_file_read_callback: rereading map file /var/lib/rspamd/surbl-whitelist.inc.local
2025-01-18 12:55:36 #913(normal) <qbq3yk>; map; read_map_file: /var/lib/rspamd/surbl-whitelist.inc.local: map file is not found; it will be read automatically if created
2025-01-18 12:55:36 #913(normal) <qbq3yk>; map; rspamd_kv_list_fin: read hash of 828 elements from https://maps.rspamd.com/rspamd/surbl-whitelist.inc.zst
2025-01-18 12:55:37 #912(normal) <7n3qic>; map; rspamd_map_common_http_callback: need to reread cached map triggered by https://maps.rspamd.com/rspamd/mid.inc.zst (0 our modify time, 1704177519 cached modify time)
2025-01-18 12:55:37 #912(normal) <7n3qic>; map; rspamd_map_read_cached: https://maps.rspamd.com/rspamd/mid.inc.zst: read map data cached 553 bytes compressed, 997 uncompressed
2025-01-18 12:55:37 #912(normal) <7n3qic>; map; rspamd_map_file_read_callback: rereading map file /etc/rspamd/local.d/maps.d/mid.inc
2025-01-18 12:55:37 #912(normal) <7n3qic>; map; read_map_file: /etc/rspamd/local.d/maps.d/mid.inc: map file is not found; it will be read automatically if created
2025-01-18 12:55:37 #912(normal) <7n3qic>; map; rspamd_map_file_read_callback: rereading map file /etc/rspamd/local.d/mid.inc
2025-01-18 12:55:37 #912(normal) <7n3qic>; map; read_map_file: /etc/rspamd/local.d/mid.inc: map file is not found; it will be read automatically if created
2025-01-18 12:55:37 #912(normal) <7n3qic>; map; rspamd_kv_list_fin: read hash of 42 elements from https://maps.rspamd.com/rspamd/mid.inc.zst
2025-01-18 12:55:37 #912(normal) <dyatkr>; map; rspamd_map_common_http_callback: need to reread cached map triggered by https://maps.rspamd.com/rspamd/spf_dkim_whitelist.inc.zst (0 our modify time, 1633989604 cached modify time)
2025-01-18 12:55:37 #912(normal) <dyatkr>; map; rspamd_map_read_cached: https://maps.rspamd.com/rspamd/spf_dkim_whitelist.inc.zst: read map data cached 1233 bytes compressed, 2871 uncompressed
2025-01-18 12:55:37 #912(normal) <dyatkr>; map; rspamd_map_file_read_callback: rereading map file /etc/rspamd/local.d/maps.d/spf_dkim_whitelist.inc.local
2025-01-18 12:55:37 #912(normal) <dyatkr>; map; read_map_file: /etc/rspamd/local.d/maps.d/spf_dkim_whitelist.inc.local: map file is not found; it will be read automatically if created
2025-01-18 12:55:37 #912(normal) <dyatkr>; map; rspamd_map_file_read_callback: rereading map file /var/lib/rspamd/spf_dkim_whitelist.inc.local
2025-01-18 12:55:37 #912(normal) <dyatkr>; map; read_map_file: /var/lib/rspamd/spf_dkim_whitelist.inc.local: map file is not found; it will be read automatically if created
2025-01-18 12:55:37 #912(normal) <dyatkr>; map; rspamd_kv_list_fin: read hash of 237 elements from https://maps.rspamd.com/rspamd/spf_dkim_whitelist.inc.zst
2025-01-18 12:55:40 #739(main) <3d7114>; main; rspamd_control_handler: accepted control connection from /var/lib/rspamd/rspamd.sock
2025-01-18 12:55:40 #739(main) <3d7114>; main; rspamd_control_connection_close: finished connection from /var/lib/rspamd/rspamd.sock
2025-01-18 12:55:41 #911(controller) <prfoy8>; monitored; rspamd_monitored_dns_cb: DNS reply returned 'no error' for list.dnswl.org while 'no records with this name' was expected when querying for '1.0.0.127.list.dnswl.org'(likely DNS spoofing or BL internal issues)
2025-01-18 12:55:41 #911(controller) <prfoy8>; monitored; rspamd_monitored_propagate_error: invalid return on resolving list.dnswl.org, disable object
2025-01-18 12:55:41 #911(controller) <xowmzq>; cfg; rspamd_worker_monitored_on_change: broadcast monitored update for prfoy8xmhfi33r1b3ihzsex76bn8yqq: dead
2025-01-18 12:55:41 #913(normal) <xowmzq>; cfg; rspamd_worker_monitored_handler: updated monitored status for prfoy8xmhfi33r1b3ihzsex76bn8yqq: dead
2025-01-18 12:55:41 #915(normal) <xowmzq>; cfg; rspamd_worker_monitored_handler: updated monitored status for prfoy8xmhfi33r1b3ihzsex76bn8yqq: dead
2025-01-18 12:55:41 #914(normal) <xowmzq>; cfg; rspamd_worker_monitored_handler: updated monitored status for prfoy8xmhfi33r1b3ihzsex76bn8yqq: dead
2025-01-18 12:55:41 #912(normal) <xowmzq>; cfg; rspamd_worker_monitored_handler: updated monitored status for prfoy8xmhfi33r1b3ihzsex76bn8yqq: dead
2025-01-18 12:55:45 #911(controller) <1ccygw>; monitored; rspamd_monitored_dns_cb: DNS reply returned 'no error' for dwl.dnswl.org while 'no records with this name' was expected when querying for 'CZwtaC1l.dwl.dnswl.org'(likely DNS spoofing or BL internal issues)
2025-01-18 12:55:51 #911(controller) <k4k3se>; monitored; rspamd_monitored_dns_cb: DNS reply returned 'no error' for bl.score.senderscore.com while 'no records with this name' was expected when querying for '1.0.0.127.bl.score.senderscore.com'(likely DNS spoofing or BL internal issues)
2025-01-18 12:55:54 #911(controller) <1ccygw>; monitored; rspamd_monitored_dns_cb: DNS reply returned 'no error' for dwl.dnswl.org while 'no records with this name' was expected when querying for 'njeu6l2ZIlcafuPUP_.dwl.dnswl.org'(likely DNS spoofing or BL internal issues)
2025-01-18 12:55:54 #911(controller) <1ccygw>; monitored; rspamd_monitored_propagate_error: invalid return on resolving dwl.dnswl.org, disable object
2025-01-18 12:55:54 #911(controller) <xowmzq>; cfg; rspamd_worker_monitored_on_change: broadcast monitored update for 1ccygwo8byjjy64p53ed6j3sxizfgnr: dead
2025-01-18 12:55:54 #912(normal) <xowmzq>; cfg; rspamd_worker_monitored_handler: updated monitored status for 1ccygwo8byjjy64p53ed6j3sxizfgnr: dead
2025-01-18 12:55:54 #913(normal) <xowmzq>; cfg; rspamd_worker_monitored_handler: updated monitored status for 1ccygwo8byjjy64p53ed6j3sxizfgnr: dead
2025-01-18 12:55:54 #914(normal) <xowmzq>; cfg; rspamd_worker_monitored_handler: updated monitored status for 1ccygwo8byjjy64p53ed6j3sxizfgnr: dead
2025-01-18 12:55:54 #915(normal) <xowmzq>; cfg; rspamd_worker_monitored_handler: updated monitored status for 1ccygwo8byjjy64p53ed6j3sxizfgnr: dead
2025-01-18 12:56:02 #911(controller) <imhkkk>; monitored; rspamd_monitored_dns_cb: DNS query blocked on multi.uribl.com (127.0.0.1 returned), possibly due to high volume
2025-01-18 12:56:04 #911(controller) <k4k3se>; monitored; rspamd_monitored_dns_cb: DNS reply returned 'no error' for bl.score.senderscore.com while 'no records with this name' was expected when querying for '1.0.0.127.bl.score.senderscore.com'(likely DNS spoofing or BL internal issues)
2025-01-18 12:56:04 #911(controller) <k4k3se>; monitored; rspamd_monitored_propagate_error: invalid return on resolving bl.score.senderscore.com, disable object
2025-01-18 12:56:04 #911(controller) <xowmzq>; cfg; rspamd_worker_monitored_on_change: broadcast monitored update for k4k3seyr7s6brg5nwxd8cuwfokax64x: dead
2025-01-18 12:56:04 #913(normal) <xowmzq>; cfg; rspamd_worker_monitored_handler: updated monitored status for k4k3seyr7s6brg5nwxd8cuwfokax64x: dead
2025-01-18 12:56:04 #914(normal) <xowmzq>; cfg; rspamd_worker_monitored_handler: updated monitored status for k4k3seyr7s6brg5nwxd8cuwfokax64x: dead
2025-01-18 12:56:04 #915(normal) <xowmzq>; cfg; rspamd_worker_monitored_handler: updated monitored status for k4k3seyr7s6brg5nwxd8cuwfokax64x: dead
2025-01-18 12:56:04 #912(normal) <xowmzq>; cfg; rspamd_worker_monitored_handler: updated monitored status for k4k3seyr7s6brg5nwxd8cuwfokax64x: dead
2025-01-18 12:56:15 #911(controller) <imhkkk>; monitored; rspamd_monitored_dns_cb: DNS query blocked on multi.uribl.com (127.0.0.1 returned), possibly due to high volume
2025-01-18 12:56:15 #911(controller) <imhkkk>; monitored; rspamd_monitored_propagate_error: invalid return on resolving multi.uribl.com, disable object
2025-01-18 12:56:15 #911(controller) <xowmzq>; cfg; rspamd_worker_monitored_on_change: broadcast monitored update for imhkkkzu76dtxr3ajyrpn947zwx9kfa: dead
2025-01-18 12:56:15 #913(normal) <xowmzq>; cfg; rspamd_worker_monitored_handler: updated monitored status for imhkkkzu76dtxr3ajyrpn947zwx9kfa: dead
2025-01-18 12:56:15 #915(normal) <xowmzq>; cfg; rspamd_worker_monitored_handler: updated monitored status for imhkkkzu76dtxr3ajyrpn947zwx9kfa: dead
2025-01-18 12:56:15 #914(normal) <xowmzq>; cfg; rspamd_worker_monitored_handler: updated monitored status for imhkkkzu76dtxr3ajyrpn947zwx9kfa: dead
2025-01-18 12:56:15 #912(normal) <xowmzq>; cfg; rspamd_worker_monitored_handler: updated monitored status for imhkkkzu76dtxr3ajyrpn947zwx9kfa: dead
2025-01-18 12:56:40 #739(main) <3d7114>; main; rspamd_control_handler: accepted control connection from /var/lib/rspamd/rspamd.sock
2025-01-18 12:56:40 #739(main) <3d7114>; main; rspamd_control_connection_close: finished connection from /var/lib/rspamd/rspamd.sock
2025-01-18 12:56:55 #911(controller) <1ccygw>; monitored; rspamd_monitored_dns_cb: DNS reply returned 'no error' for dwl.dnswl.org while 'no records with this name' was expected when querying for 'orP7OSE9uUcg3DLV-bqr8tiB.dwl.dnswl.org'(likely DNS spoofing or BL internal issues)
2025-01-18 12:57:00 #911(controller) <prfoy8>; monitored; rspamd_monitored_dns_cb: DNS reply returned 'no error' for list.dnswl.org while 'no records with this name' was expected when querying for '1.0.0.127.list.dnswl.org'(likely DNS spoofing or BL internal issues)
2025-01-18 12:57:35 #911(controller) <k4k3se>; monitored; rspamd_monitored_dns_cb: DNS reply returned 'no error' for bl.score.senderscore.com while 'no records with this name' was expected when querying for '1.0.0.127.bl.score.senderscore.com'(likely DNS spoofing or BL internal issues)
2025-01-18 12:57:41 #739(main) <3d7114>; main; rspamd_control_handler: accepted control connection from /var/lib/rspamd/rspamd.sock
2025-01-18 12:57:41 #739(main) <3d7114>; main; rspamd_control_connection_close: finished connection from /var/lib/rspamd/rspamd.sock
2025-01-18 12:57:56 #911(controller) <imhkkk>; monitored; rspamd_monitored_dns_cb: DNS query blocked on multi.uribl.com (127.0.0.1 returned), possibly due to high volume
2025-01-18 12:58:41 #739(main) <3d7114>; main; rspamd_control_handler: accepted control connection from /var/lib/rspamd/rspamd.sock
2025-01-18 12:58:41 #739(main) <3d7114>; main; rspamd_control_connection_close: finished connection from /var/lib/rspamd/rspamd.sock
2025-01-18 12:59:33 #911(controller) <1ccygw>; monitored; rspamd_monitored_dns_cb: DNS reply returned 'no error' for dwl.dnswl.org while 'no records with this name' was expected when querying for 'K21FYlzRV5LiociMQt.dwl.dnswl.org'(likely DNS spoofing or BL internal issues)
2025-01-18 12:59:41 #739(main) <3d7114>; main; rspamd_control_handler: accepted control connection from /var/lib/rspamd/rspamd.sock
2025-01-18 12:59:41 #739(main) <3d7114>; main; rspamd_control_connection_close: finished connection from /var/lib/rspamd/rspamd.sock
2025-01-18 12:59:56 #911(controller) <k4k3se>; monitored; rspamd_monitored_dns_cb: DNS reply returned 'no error' for bl.score.senderscore.com while 'no records with this name' was expected when querying for '1.0.0.127.bl.score.senderscore.com'(likely DNS spoofing or BL internal issues)
2025-01-18 13:00:41 #739(main) <3d7114>; main; rspamd_control_handler: accepted control connection from /var/lib/rspamd/rspamd.sock
2025-01-18 13:00:41 #739(main) <3d7114>; main; rspamd_control_connection_close: finished connection from /var/lib/rspamd/rspamd.sock
2025-01-18 13:00:51 #911(controller) <prfoy8>; monitored; rspamd_monitored_dns_cb: DNS reply returned 'no error' for list.dnswl.org while 'no records with this name' was expected when querying for '1.0.0.127.list.dnswl.org'(likely DNS spoofing or BL internal issues)
2025-01-18 13:01:40 #911(controller) <imhkkk>; monitored; rspamd_monitored_dns_cb: DNS query blocked on multi.uribl.com (127.0.0.1 returned), possibly due to high volume
2025-01-18 13:01:41 #739(main) <3d7114>; main; rspamd_control_handler: accepted control connection from /var/lib/rspamd/rspamd.sock
2025-01-18 13:01:41 #739(main) <3d7114>; main; rspamd_control_connection_close: finished connection from /var/lib/rspamd/rspamd.sock
2025-01-18 13:02:42 #739(main) <3d7114>; main; rspamd_control_handler: accepted control connection from /var/lib/rspamd/rspamd.sock
2025-01-18 13:02:42 #739(main) <3d7114>; main; rspamd_control_connection_close: finished connection from /var/lib/rspamd/rspamd.sock
2025-01-18 13:03:42 #739(main) <3d7114>; main; rspamd_control_handler: accepted control connection from /var/lib/rspamd/rspamd.sock
2025-01-18 13:03:42 #739(main) <3d7114>; main; rspamd_control_connection_close: finished connection from /var/lib/rspamd/rspamd.sock
2025-01-18 13:04:42 #739(main) <3d7114>; main; rspamd_control_handler: accepted control connection from /var/lib/rspamd/rspamd.sock
2025-01-18 13:04:42 #739(main) <3d7114>; main; rspamd_control_connection_close: finished connection from /var/lib/rspamd/rspamd.sock
2025-01-18 13:04:56 #911(controller) <1ccygw>; monitored; rspamd_monitored_dns_cb: DNS reply returned 'no error' for dwl.dnswl.org while 'no records with this name' was expected when querying for 'LcXriUk6TjPiCZGDYpH97PF-ylu.dwl.dnswl.org'(likely DNS spoofing or BL internal issues)
2025-01-18 13:05:42 #739(main) <3d7114>; main; rspamd_control_handler: accepted control connection from /var/lib/rspamd/rspamd.sock
2025-01-18 13:05:42 #739(main) <3d7114>; main; rspamd_control_connection_close: finished connection from /var/lib/rspamd/rspamd.sock
2025-01-18 13:06:42 #739(main) <3d7114>; main; rspamd_control_handler: accepted control connection from /var/lib/rspamd/rspamd.sock
2025-01-18 13:06:42 #739(main) <3d7114>; main; rspamd_control_connection_close: finished connection from /var/lib/rspamd/rspamd.sock
2025-01-18 13:06:53 #911(controller) <k4k3se>; monitored; rspamd_monitored_dns_cb: DNS reply returned 'no error' for bl.score.senderscore.com while 'no records with this name' was expected when querying for '1.0.0.127.bl.score.senderscore.com'(likely DNS spoofing or BL internal issues)
2025-01-18 13:07:34 #911(controller) <imhkkk>; monitored; rspamd_monitored_dns_cb: DNS query blocked on multi.uribl.com (127.0.0.1 returned), possibly due to high volume
2025-01-18 13:07:43 #739(main) <3d7114>; main; rspamd_control_handler: accepted control connection from /var/lib/rspamd/rspamd.sock
2025-01-18 13:07:43 #739(main) <3d7114>; main; rspamd_control_connection_close: finished connection from /var/lib/rspamd/rspamd.sock
2025-01-18 13:07:51 #911(controller) <prfoy8>; monitored; rspamd_monitored_dns_cb: DNS reply returned 'no error' for list.dnswl.org while 'no records with this name' was expected when querying for '1.0.0.127.list.dnswl.org'(likely DNS spoofing or BL internal issues)
2025-01-18 13:08:43 #739(main) <3d7114>; main; rspamd_control_handler: accepted control connection from /var/lib/rspamd/rspamd.sock
2025-01-18 13:08:43 #739(main) <3d7114>; main; rspamd_control_connection_close: finished connection from /var/lib/rspamd/rspamd.sock
2025-01-18 13:09:43 #739(main) <3d7114>; main; rspamd_control_handler: accepted control connection from /var/lib/rspamd/rspamd.sock
2025-01-18 13:09:43 #739(main) <3d7114>; main; rspamd_control_connection_close: finished connection from /var/lib/rspamd/rspamd.sock
2025-01-18 13:10:43 #739(main) <3d7114>; main; rspamd_control_handler: accepted control connection from /var/lib/rspamd/rspamd.sock
2025-01-18 13:10:43 #739(main) <3d7114>; main; rspamd_control_connection_close: finished connection from /var/lib/rspamd/rspamd.sock
2025-01-18 13:11:43 #739(main) <3d7114>; main; rspamd_control_handler: accepted control connection from /var/lib/rspamd/rspamd.sock
2025-01-18 13:11:43 #739(main) <3d7114>; main; rspamd_control_connection_close: finished connection from /var/lib/rspamd/rspamd.sock
2025-01-18 13:12:44 #739(main) <3d7114>; main; rspamd_control_handler: accepted control connection from /var/lib/rspamd/rspamd.sock
2025-01-18 13:12:44 #739(main) <3d7114>; main; rspamd_control_connection_close: finished connection from /var/lib/rspamd/rspamd.sock
2025-01-18 13:13:44 #739(main) <3d7114>; main; rspamd_control_handler: accepted control connection from /var/lib/rspamd/rspamd.sock
2025-01-18 13:13:44 #739(main) <3d7114>; main; rspamd_control_connection_close: finished connection from /var/lib/rspamd/rspamd.sock
2025-01-18 13:14:44 #739(main) <3d7114>; main; rspamd_control_handler: accepted control connection from /var/lib/rspamd/rspamd.sock
2025-01-18 13:14:44 #739(main) <3d7114>; main; rspamd_control_connection_close: finished connection from /var/lib/rspamd/rspamd.sock
2025-01-18 13:15:44 #739(main) <3d7114>; main; rspamd_control_handler: accepted control connection from /var/lib/rspamd/rspamd.sock
2025-01-18 13:15:44 #739(main) <3d7114>; main; rspamd_control_connection_close: finished connection from /var/lib/rspamd/rspamd.sock
2025-01-18 13:16:18 #911(controller) <prfoy8>; monitored; rspamd_monitored_dns_cb: DNS reply returned 'no error' for list.dnswl.org while 'no records with this name' was expected when querying for '1.0.0.127.list.dnswl.org'(likely DNS spoofing or BL internal issues)
2025-01-18 13:16:44 #739(main) <3d7114>; main; rspamd_control_handler: accepted control connection from /var/lib/rspamd/rspamd.sock
2025-01-18 13:16:44 #739(main) <3d7114>; main; rspamd_control_connection_close: finished connection from /var/lib/rspamd/rspamd.sock
2025-01-18 13:17:15 #911(controller) <1ccygw>; monitored; rspamd_monitored_dns_cb: DNS reply returned 'no error' for dwl.dnswl.org while 'no records with this name' was expected when querying for 'TtjSta-cFW.dwl.dnswl.org'(likely DNS spoofing or BL internal issues)
2025-01-18 13:17:35 #911(controller) <imhkkk>; monitored; rspamd_monitored_dns_cb: DNS query blocked on multi.uribl.com (127.0.0.1 returned), possibly due to high volume
2025-01-18 13:17:45 #739(main) <3d7114>; main; rspamd_control_handler: accepted control connection from /var/lib/rspamd/rspamd.sock
2025-01-18 13:17:45 #739(main) <3d7114>; main; rspamd_control_connection_close: finished connection from /var/lib/rspamd/rspamd.sock
2025-01-18 13:18:45 #739(main) <3d7114>; main; rspamd_control_handler: accepted control connection from /var/lib/rspamd/rspamd.sock
2025-01-18 13:18:45 #739(main) <3d7114>; main; rspamd_control_connection_close: finished connection from /var/lib/rspamd/rspamd.sock
2025-01-18 13:19:14 #911(controller) <k4k3se>; monitored; rspamd_monitored_dns_cb: DNS reply returned 'no error' for bl.score.senderscore.com while 'no records with this name' was expected when querying for '1.0.0.127.bl.score.senderscore.com'(likely DNS spoofing or BL internal issues)
2025-01-18 13:19:45 #739(main) <3d7114>; main; rspamd_control_handler: accepted control connection from /var/lib/rspamd/rspamd.sock
2025-01-18 13:19:45 #739(main) <3d7114>; main; rspamd_control_connection_close: finished connection from /var/lib/rspamd/rspamd.sock
2025-01-18 13:20:45 #739(main) <3d7114>; main; rspamd_control_handler: accepted control connection from /var/lib/rspamd/rspamd.sock
2025-01-18 13:20:45 #739(main) <3d7114>; main; rspamd_control_connection_close: finished connection from /var/lib/rspamd/rspamd.sock
2025-01-18 13:21:45 #739(main) <3d7114>; main; rspamd_control_handler: accepted control connection from /var/lib/rspamd/rspamd.sock
2025-01-18 13:21:45 #739(main) <3d7114>; main; rspamd_control_connection_close: finished connection from /var/lib/rspamd/rspamd.sock
2025-01-18 13:22:46 #739(main) <3d7114>; main; rspamd_control_handler: accepted control connection from /var/lib/rspamd/rspamd.sock
2025-01-18 13:22:46 #739(main) <3d7114>; main; rspamd_control_connection_close: finished connection from /var/lib/rspamd/rspamd.sock
2025-01-18 13:23:46 #739(main) <3d7114>; main; rspamd_control_handler: accepted control connection from /var/lib/rspamd/rspamd.sock
2025-01-18 13:23:46 #739(main) <3d7114>; main; rspamd_control_connection_close: finished connection from /var/lib/rspamd/rspamd.sock
2025-01-18 13:24:46 #739(main) <3d7114>; main; rspamd_control_handler: accepted control connection from /var/lib/rspamd/rspamd.sock
2025-01-18 13:24:46 #739(main) <3d7114>; main; rspamd_control_connection_close: finished connection from /var/lib/rspamd/rspamd.sock
2025-01-18 13:25:46 #739(main) <3d7114>; main; rspamd_control_handler: accepted control connection from /var/lib/rspamd/rspamd.sock
2025-01-18 13:25:46 #739(main) <3d7114>; main; rspamd_control_connection_close: finished connection from /var/lib/rspamd/rspamd.sock
2025-01-18 13:26:45 #911(controller) <imhkkk>; monitored; rspamd_monitored_dns_cb: DNS query blocked on multi.uribl.com (127.0.0.1 returned), possibly due to high volume
2025-01-18 13:26:46 #739(main) <3d7114>; main; rspamd_control_handler: accepted control connection from /var/lib/rspamd/rspamd.sock
2025-01-18 13:26:46 #739(main) <3d7114>; main; rspamd_control_connection_close: finished connection from /var/lib/rspamd/rspamd.sock
2025-01-18 13:27:47 #739(main) <3d7114>; main; rspamd_control_handler: accepted control connection from /var/lib/rspamd/rspamd.sock
2025-01-18 13:27:47 #739(main) <3d7114>; main; rspamd_control_connection_close: finished connection from /var/lib/rspamd/rspamd.sock
2025-01-18 13:28:15 #911(controller) <prfoy8>; monitored; rspamd_monitored_dns_cb: DNS reply returned 'no error' for list.dnswl.org while 'no records with this name' was expected when querying for '1.0.0.127.list.dnswl.org'(likely DNS spoofing or BL internal issues)
2025-01-18 13:28:47 #739(main) <3d7114>; main; rspamd_control_handler: accepted control connection from /var/lib/rspamd/rspamd.sock
2025-01-18 13:28:47 #739(main) <3d7114>; main; rspamd_control_connection_close: finished connection from /var/lib/rspamd/rspamd.sock
2025-01-18 13:29:47 #739(main) <3d7114>; main; rspamd_control_handler: accepted control connection from /var/lib/rspamd/rspamd.sock
2025-01-18 13:29:47 #739(main) <3d7114>; main; rspamd_control_connection_close: finished connection from /var/lib/rspamd/rspamd.sock
2025-01-18 13:30:47 #739(main) <3d7114>; main; rspamd_control_handler: accepted control connection from /var/lib/rspamd/rspamd.sock
2025-01-18 13:30:47 #739(main) <3d7114>; main; rspamd_control_connection_close: finished connection from /var/lib/rspamd/rspamd.sock
2025-01-18 13:31:20 #911(controller) <1ccygw>; monitored; rspamd_monitored_dns_cb: DNS reply returned 'no error' for dwl.dnswl.org while 'no records with this name' was expected when querying for 'PXXMX0TT.dwl.dnswl.org'(likely DNS spoofing or BL internal issues)
2025-01-18 13:31:48 #739(main) <3d7114>; main; rspamd_control_handler: accepted control connection from /var/lib/rspamd/rspamd.sock
2025-01-18 13:31:48 #739(main) <3d7114>; main; rspamd_control_connection_close: finished connection from /var/lib/rspamd/rspamd.sock
2025-01-18 13:32:30 #911(controller) <k4k3se>; monitored; rspamd_monitored_dns_cb: DNS reply returned 'no error' for bl.score.senderscore.com while 'no records with this name' was expected when querying for '1.0.0.127.bl.score.senderscore.com'(likely DNS spoofing or BL internal issues)
2025-01-18 13:32:48 #739(main) <3d7114>; main; rspamd_control_handler: accepted control connection from /var/lib/rspamd/rspamd.sock
2025-01-18 13:32:48 #739(main) <3d7114>; main; rspamd_control_connection_close: finished connection from /var/lib/rspamd/rspamd.sock
2025-01-18 13:33:48 #739(main) <3d7114>; main; rspamd_control_handler: accepted control connection from /var/lib/rspamd/rspamd.sock
2025-01-18 13:33:48 #739(main) <3d7114>; main; rspamd_control_connection_close: finished connection from /var/lib/rspamd/rspamd.sock
2025-01-18 13:34:48 #739(main) <3d7114>; main; rspamd_control_handler: accepted control connection from /var/lib/rspamd/rspamd.sock
2025-01-18 13:34:48 #739(main) <3d7114>; main; rspamd_control_connection_close: finished connection from /var/lib/rspamd/rspamd.sock
2025-01-18 13:35:48 #739(main) <3d7114>; main; rspamd_control_handler: accepted control connection from /var/lib/rspamd/rspamd.sock
2025-01-18 13:35:48 #739(main) <3d7114>; main; rspamd_control_connection_close: finished connection from /var/lib/rspamd/rspamd.sock
2025-01-18 13:36:49 #739(main) <3d7114>; main; rspamd_control_handler: accepted control connection from /var/lib/rspamd/rspamd.sock
2025-01-18 13:36:49 #739(main) <3d7114>; main; rspamd_control_connection_close: finished connection from /var/lib/rspamd/rspamd.sock
2025-01-18 13:37:49 #739(main) <3d7114>; main; rspamd_control_handler: accepted control connection from /var/lib/rspamd/rspamd.sock
2025-01-18 13:37:49 #739(main) <3d7114>; main; rspamd_control_connection_close: finished connection from /var/lib/rspamd/rspamd.sock
2025-01-18 13:38:42 #911(controller) <imhkkk>; monitored; rspamd_monitored_dns_cb: DNS query blocked on multi.uribl.com (127.0.0.1 returned), possibly due to high volume
2025-01-18 13:38:49 #739(main) <3d7114>; main; rspamd_control_handler: accepted control connection from /var/lib/rspamd/rspamd.sock
2025-01-18 13:38:49 #739(main) <3d7114>; main; rspamd_control_connection_close: finished connection from /var/lib/rspamd/rspamd.sock
2025-01-18 13:39:49 #739(main) <3d7114>; main; rspamd_control_handler: accepted control connection from /var/lib/rspamd/rspamd.sock
2025-01-18 13:39:49 #739(main) <3d7114>; main; rspamd_control_connection_close: finished connection from /var/lib/rspamd/rspamd.sock
2025-01-18 13:40:48 #911(controller) <k4k3se>; monitored; rspamd_monitored_dns_cb: DNS reply returned 'no error' for bl.score.senderscore.com while 'no records with this name' was expected when querying for '1.0.0.127.bl.score.senderscore.com'(likely DNS spoofing or BL internal issues)
2025-01-18 13:40:50 #739(main) <3d7114>; main; rspamd_control_handler: accepted control connection from /var/lib/rspamd/rspamd.sock
2025-01-18 13:40:50 #739(main) <3d7114>; main; rspamd_control_connection_close: finished connection from /var/lib/rspamd/rspamd.sock
2025-01-18 13:41:16 #911(controller) <prfoy8>; monitored; rspamd_monitored_dns_cb: DNS reply returned 'no error' for list.dnswl.org while 'no records with this name' was expected when querying for '1.0.0.127.list.dnswl.org'(likely DNS spoofing or BL internal issues)
2025-01-18 13:41:50 #739(main) <3d7114>; main; rspamd_control_handler: accepted control connection from /var/lib/rspamd/rspamd.sock
2025-01-18 13:41:50 #739(main) <3d7114>; main; rspamd_control_connection_close: finished connection from /var/lib/rspamd/rspamd.sock
2025-01-18 13:42:50 #739(main) <3d7114>; main; rspamd_control_handler: accepted control connection from /var/lib/rspamd/rspamd.sock
2025-01-18 13:42:50 #739(main) <3d7114>; main; rspamd_control_connection_close: finished connection from /var/lib/rspamd/rspamd.sock
2025-01-18 13:43:50 #739(main) <3d7114>; main; rspamd_control_handler: accepted control connection from /var/lib/rspamd/rspamd.sock
2025-01-18 13:43:50 #739(main) <3d7114>; main; rspamd_control_connection_close: finished connection from /var/lib/rspamd/rspamd.sock
2025-01-18 13:44:51 #739(main) <3d7114>; main; rspamd_control_handler: accepted control connection from /var/lib/rspamd/rspamd.sock
2025-01-18 13:44:51 #739(main) <3d7114>; main; rspamd_control_connection_close: finished connection from /var/lib/rspamd/rspamd.sock
2025-01-18 13:45:51 #739(main) <3d7114>; main; rspamd_control_handler: accepted control connection from /var/lib/rspamd/rspamd.sock
2025-01-18 13:45:51 #739(main) <3d7114>; main; rspamd_control_connection_close: finished connection from /var/lib/rspamd/rspamd.sock
2025-01-18 13:46:44 #911(controller) <1ccygw>; monitored; rspamd_monitored_dns_cb: DNS reply returned 'no error' for dwl.dnswl.org while 'no records with this name' was expected when querying for 'KG38OSjoKlgDfE_7Bf3pt_rMPN.dwl.dnswl.org'(likely DNS spoofing or BL internal issues)
2025-01-18 13:46:51 #739(main) <3d7114>; main; rspamd_control_handler: accepted control connection from /var/lib/rspamd/rspamd.sock
2025-01-18 13:46:51 #739(main) <3d7114>; main; rspamd_control_connection_close: finished connection from /var/lib/rspamd/rspamd.sock
2025-01-18 13:47:51 #739(main) <3d7114>; main; rspamd_control_handler: accepted control connection from /var/lib/rspamd/rspamd.sock
2025-01-18 13:47:51 #739(main) <3d7114>; main; rspamd_control_connection_close: finished connection from /var/lib/rspamd/rspamd.sock
2025-01-18 13:48:51 #739(main) <3d7114>; main; rspamd_control_handler: accepted control connection from /var/lib/rspamd/rspamd.sock
2025-01-18 13:48:51 #739(main) <3d7114>; main; rspamd_control_connection_close: finished connection from /var/lib/rspamd/rspamd.sock
2025-01-18 13:49:52 #739(main) <3d7114>; main; rspamd_control_handler: accepted control connection from /var/lib/rspamd/rspamd.sock
2025-01-18 13:49:52 #739(main) <3d7114>; main; rspamd_control_connection_close: finished connection from /var/lib/rspamd/rspamd.sock
2025-01-18 13:50:52 #739(main) <3d7114>; main; rspamd_control_handler: accepted control connection from /var/lib/rspamd/rspamd.sock
2025-01-18 13:50:52 #739(main) <3d7114>; main; rspamd_control_connection_close: finished connection from /var/lib/rspamd/rspamd.sock
2025-01-18 13:51:52 #739(main) <3d7114>; main; rspamd_control_handler: accepted control connection from /var/lib/rspamd/rspamd.sock
2025-01-18 13:51:52 #739(main) <3d7114>; main; rspamd_control_connection_close: finished connection from /var/lib/rspamd/rspamd.sock
2025-01-18 13:52:52 #739(main) <3d7114>; main; rspamd_control_handler: accepted control connection from /var/lib/rspamd/rspamd.sock
2025-01-18 13:52:52 #739(main) <3d7114>; main; rspamd_control_connection_close: finished connection from /var/lib/rspamd/rspamd.sock
2025-01-18 13:53:35 #911(controller) <imhkkk>; monitored; rspamd_monitored_dns_cb: DNS query blocked on multi.uribl.com (127.0.0.1 returned), possibly due to high volume
2025-01-18 13:53:37 #911(controller) <prfoy8>; monitored; rspamd_monitored_dns_cb: DNS reply returned 'no error' for list.dnswl.org while 'no records with this name' was expected when querying for '1.0.0.127.list.dnswl.org'(likely DNS spoofing or BL internal issues)
2025-01-18 13:53:53 #739(main) <3d7114>; main; rspamd_control_handler: accepted control connection from /var/lib/rspamd/rspamd.sock
2025-01-18 13:53:53 #739(main) <3d7114>; main; rspamd_control_connection_close: finished connection from /var/lib/rspamd/rspamd.sock
2025-01-18 13:54:53 #739(main) <3d7114>; main; rspamd_control_handler: accepted control connection from /var/lib/rspamd/rspamd.sock
2025-01-18 13:54:53 #739(main) <3d7114>; main; rspamd_control_connection_close: finished connection from /var/lib/rspamd/rspamd.sock
2025-01-18 13:55:53 #739(main) <3d7114>; main; rspamd_control_handler: accepted control connection from /var/lib/rspamd/rspamd.sock
2025-01-18 13:55:53 #739(main) <3d7114>; main; rspamd_control_connection_close: finished connection from /var/lib/rspamd/rspamd.sock
2025-01-18 13:56:29 #911(controller) <k4k3se>; monitored; rspamd_monitored_dns_cb: DNS reply returned 'no error' for bl.score.senderscore.com while 'no records with this name' was expected when querying for '1.0.0.127.bl.score.senderscore.com'(likely DNS spoofing or BL internal issues)
2025-01-18 13:56:53 #739(main) <3d7114>; main; rspamd_control_handler: accepted control connection from /var/lib/rspamd/rspamd.sock
2025-01-18 13:56:53 #739(main) <3d7114>; main; rspamd_control_connection_close: finished connection from /var/lib/rspamd/rspamd.sock
2025-01-18 13:57:54 #739(main) <3d7114>; main; rspamd_control_handler: accepted control connection from /var/lib/rspamd/rspamd.sock
2025-01-18 13:57:54 #739(main) <3d7114>; main; rspamd_control_connection_close: finished connection from /var/lib/rspamd/rspamd.sock
2025-01-18 13:58:54 #739(main) <3d7114>; main; rspamd_control_handler: accepted control connection from /var/lib/rspamd/rspamd.sock
2025-01-18 13:58:54 #739(main) <3d7114>; main; rspamd_control_connection_close: finished connection from /var/lib/rspamd/rspamd.sock
2025-01-18 13:59:51 #911(controller) <1ccygw>; monitored; rspamd_monitored_dns_cb: DNS reply returned 'no error' for dwl.dnswl.org while 'no records with this name' was expected when querying for 'TPuNummgQdS4r7A8hYsWs.dwl.dnswl.org'(likely DNS spoofing or BL internal issues)
2025-01-18 13:59:54 #739(main) <3d7114>; main; rspamd_control_handler: accepted control connection from /var/lib/rspamd/rspamd.sock
2025-01-18 13:59:54 #739(main) <3d7114>; main; rspamd_control_connection_close: finished connection from /var/lib/rspamd/rspamd.sock
2025-01-18 14:00:54 #739(main) <3d7114>; main; rspamd_control_handler: accepted control connection from /var/lib/rspamd/rspamd.sock
2025-01-18 14:00:54 #739(main) <3d7114>; main; rspamd_control_connection_close: finished connection from /var/lib/rspamd/rspamd.sock
2025-01-18 14:01:55 #739(main) <3d7114>; main; rspamd_control_handler: accepted control connection from /var/lib/rspamd/rspamd.sock
2025-01-18 14:01:55 #739(main) <3d7114>; main; rspamd_control_connection_close: finished connection from /var/lib/rspamd/rspamd.sock
2025-01-18 14:02:55 #739(main) <3d7114>; main; rspamd_control_handler: accepted control connection from /var/lib/rspamd/rspamd.sock
2025-01-18 14:02:55 #739(main) <3d7114>; main; rspamd_control_connection_close: finished connection from /var/lib/rspamd/rspamd.sock
2025-01-18 14:03:55 #739(main) <3d7114>; main; rspamd_control_handler: accepted control connection from /var/lib/rspamd/rspamd.sock
2025-01-18 14:03:55 #739(main) <3d7114>; main; rspamd_control_connection_close: finished connection from /var/lib/rspamd/rspamd.sock
2025-01-18 14:04:04 #739(main) <3d7114>; main; rspamd_term_handler: catch termination signal, waiting for 7 children for 16.00 seconds
2025-01-18 14:04:04 #916(hs_helper) <3d7114>; main; rspamd_worker_term_handler: terminating after receiving signal Terminated
2025-01-18 14:04:04 #911(controller) <3d7114>; main; rspamd_worker_term_handler: terminating after receiving signal Terminated
2025-01-18 14:04:04 #913(normal) <3d7114>; main; rspamd_worker_term_handler: terminating after receiving signal Terminated
2025-01-18 14:04:04 #910(rspamd_proxy) <3d7114>; main; rspamd_worker_term_handler: terminating after receiving signal Terminated
2025-01-18 14:04:04 #911(controller) rspamd_controller_on_terminate: closing rrd file: /var/lib/rspamd/rspamd.rrd
2025-01-18 14:04:04 #912(normal) <3d7114>; main; rspamd_worker_term_handler: terminating after receiving signal Terminated
2025-01-18 14:04:04 #914(normal) <3d7114>; main; rspamd_worker_term_handler: terminating after receiving signal Terminated
2025-01-18 14:04:04 #915(normal) <3d7114>; main; rspamd_worker_term_handler: terminating after receiving signal Terminated
2025-01-18 14:04:04 #739(main) <3d7114>; main; rspamd_check_termination_clause: normal process 914 terminated normally
2025-01-18 14:04:04 #739(main) <3d7114>; main; rspamd_cld_handler: do not respawn process normal after found terminated process with pid 914
2025-01-18 14:04:04 #739(main) <3d7114>; main; rspamd_check_termination_clause: normal process 913 terminated normally
2025-01-18 14:04:04 #739(main) <3d7114>; main; rspamd_cld_handler: do not respawn process normal after found terminated process with pid 913
2025-01-18 14:04:04 #739(main) <3d7114>; main; rspamd_check_termination_clause: controller process 911 terminated normally
2025-01-18 14:04:04 #739(main) <3d7114>; main; rspamd_cld_handler: do not respawn process controller after found terminated process with pid 911
2025-01-18 14:04:04 #739(main) <3d7114>; main; rspamd_check_termination_clause: hs_helper process 916 terminated normally
2025-01-18 14:04:04 #739(main) <3d7114>; main; rspamd_cld_handler: do not respawn process hs_helper after found terminated process with pid 916
2025-01-18 14:04:04 #739(main) <3d7114>; main; rspamd_check_termination_clause: normal process 915 terminated normally
2025-01-18 14:04:04 #739(main) <3d7114>; main; rspamd_cld_handler: do not respawn process normal after found terminated process with pid 915
2025-01-18 14:04:04 #739(main) <3d7114>; main; rspamd_check_termination_clause: normal process 912 terminated normally
2025-01-18 14:04:04 #739(main) <3d7114>; main; rspamd_cld_handler: do not respawn process normal after found terminated process with pid 912
2025-01-18 14:04:04 #739(main) <3d7114>; main; rspamd_check_termination_clause: rspamd_proxy process 910 terminated normally
2025-01-18 14:04:04 #739(main) <3d7114>; main; rspamd_cld_handler: do not respawn process rspamd_proxy after found terminated process with pid 910
2025-01-18 14:04:04 #739(main) <3d7114>; main; main: terminating...
2025-01-18 14:04:44 #701(main) lua; lua_cfg_transform.lua:161: group excessqp has no symbols
2025-01-18 14:04:44 #701(main) lua; lua_cfg_transform.lua:161: group excessb64 has no symbols
2025-01-18 14:04:44 #701(main) <>; lua; lua_cfg_transform.lua:510: enable `options.check_all_filters` for neural network
2025-01-18 14:04:44 #701(main) <>; lua; lua_cfg_transform.lua:568: converted surbl rules to rbl rules
2025-01-18 14:04:44 #701(main) <>; lua; lua_cfg_transform.lua:582: converted emails rules to rbl rules
2025-01-18 14:04:44 #701(main) cfg; rspamd_rcl_maybe_apply_lua_transform: configuration has been transformed in Lua
2025-01-18 14:04:44 #701(main) <qw68nw>; cfg; rspamd_config_set_action_score: action add header has been already registered with priority 0, override it with new priority: 0, old score: nan
2025-01-18 14:04:44 #701(main) <qw68nw>; cfg; rspamd_config_set_action_score: action reject has been already registered with priority 0, override it with new priority: 0, old score: nan
2025-01-18 14:04:44 #701(main) <qw68nw>; cfg; rspamd_config_set_action_score: action greylist has been already registered with priority 0, override it with new priority: 0, old score: nan
2025-01-18 14:04:44 #701(main) rspamd_regexp_library_init: pcre2 is compiled with JIT for x86 64bit (little endian + unaligned)
2025-01-18 14:04:44 #701(main) <qw68nw>; lua; lua_redis.lua:574: use default Redis settings for neural
2025-01-18 14:04:44 #701(main) <qw68nw>; lua; init.lua:58: controller plugin neural; register webui path learn
2025-01-18 14:04:44 #701(main) <qw68nw>; lua; init.lua:58: controller plugin maps; register webui path query
2025-01-18 14:04:44 #701(main) <qw68nw>; lua; init.lua:58: controller plugin maps; register webui path query_specific
2025-01-18 14:04:44 #701(main) <qw68nw>; lua; init.lua:58: controller plugin maps; register webui path list
2025-01-18 14:04:44 #701(main) <qw68nw>; lua; init.lua:58: controller plugin selectors; register webui path list_extractors
2025-01-18 14:04:44 #701(main) <qw68nw>; lua; init.lua:58: controller plugin selectors; register webui path check_selector
2025-01-18 14:04:44 #701(main) <qw68nw>; lua; init.lua:58: controller plugin selectors; register webui path list_transforms
2025-01-18 14:04:44 #701(main) <qw68nw>; lua; init.lua:58: controller plugin selectors; register webui path check_message
2025-01-18 14:04:45 #701(main) <qw68nw>; cfg; rspamd_language_detector_init: loaded 46 languages, 33122 trigramms
2025-01-18 14:04:45 #701(main) <qw68nw>; cfg; chartable_module_config: init internal chartable module
2025-01-18 14:04:45 #701(main) <qw68nw>; cfg; dkim_module_config: init internal dkim module
2025-01-18 14:04:45 #701(main) <qw68nw>; cfg; rspamd_mime_expr_parse: added condition for regexp /\b[13LM][1-9A-Za-z]{25,34}\b/AL{sa_body}
2025-01-18 14:04:45 #701(main) <qw68nw>; cfg; rspamd_mime_expr_parse: added condition for regexp /\b(?:[a-zA-Z]\w+:)?[qpzry9x8gf2tvdw0s3jn54khce6mua7l]{14,}\b/AL{sa_body}
2025-01-18 14:04:45 #701(main) <qw68nw>; cfg; regexp_module_config: init internal regexp module, 127 regexp rules and 0 lua rules are loaded
2025-01-18 14:04:45 #701(main) <qw68nw>; cfg; fuzzy_parse_rule: added fuzzy rule FUZZY_UNKNOWN, key: ef43ae80cc8d, shingles_key: ef43ae80cc8d, algorithm: mum
2025-01-18 14:04:45 #701(main) <qw68nw>; cfg; fuzzy_check_module_config: init internal fuzzy_check module, 1 rules loaded
2025-01-18 14:04:45 #701(main) <qw68nw>; lua; lua_redis.lua:574: use default Redis settings for antivirus
2025-01-18 14:04:45 #701(main) <qw68nw>; cfg; rspamd_init_lua_filters: init lua module antivirus from /usr/share/rspamd/plugins/antivirus.lua; digest: 13439b8ded
2025-01-18 14:04:45 #701(main) <qw68nw>; cfg; rspamd_init_lua_filters: init lua module arc from /usr/share/rspamd/plugins/arc.lua; digest: 5c7f784d04
2025-01-18 14:04:45 #701(main) <qw68nw>; cfg; rspamd_init_lua_filters: init lua module asn from /usr/share/rspamd/plugins/asn.lua; digest: ce91e6936f
2025-01-18 14:04:45 #701(main) <qw68nw>; cfg; rspamd_init_lua_filters: init lua module bayes_expiry from /usr/share/rspamd/plugins/bayes_expiry.lua; digest: ee3b1b1e41
2025-01-18 14:04:45 #701(main) <qw68nw>; lua; clickhouse.lua:1321: no servers are specified, disabling module
2025-01-18 14:04:45 #701(main) <qw68nw>; cfg; rspamd_init_lua_filters: init lua module clickhouse from /usr/share/rspamd/plugins/clickhouse.lua; digest: b0804b033f
2025-01-18 14:04:45 #701(main) <qw68nw>; cfg; rspamd_config_is_module_enabled: lua module clustering is enabled but has not been configured
2025-01-18 14:04:45 #701(main) <qw68nw>; cfg; rspamd_config_is_module_enabled: clustering disabling unconfigured lua module
2025-01-18 14:04:45 #701(main) <qw68nw>; cfg; rspamd_config_is_module_enabled: lua module dcc is disabled in the configuration
2025-01-18 14:04:45 #701(main) <qw68nw>; cfg; rspamd_config_is_module_enabled: lua module dkim_signing is disabled in the configuration
2025-01-18 14:04:45 #701(main) <qw68nw>; cfg; rspamd_init_lua_filters: init lua module dmarc from /usr/share/rspamd/plugins/dmarc.lua; digest: c877a4031c
2025-01-18 14:04:45 #701(main) <qw68nw>; cfg; rspamd_config_is_module_enabled: lua module dynamic_conf is enabled but has not been configured
2025-01-18 14:04:45 #701(main) <qw68nw>; cfg; rspamd_config_is_module_enabled: dynamic_conf disabling unconfigured lua module
2025-01-18 14:04:45 #701(main) <qw68nw>; lua; lua_redis.lua:574: use default Redis settings for elastic
2025-01-18 14:04:45 #701(main) <qw68nw>; lua; elastic.lua:482: no servers are specified, disabling module
2025-01-18 14:04:45 #701(main) <qw68nw>; cfg; rspamd_init_lua_filters: init lua module elastic from /usr/share/rspamd/plugins/elastic.lua; digest: 159b502b77
2025-01-18 14:04:45 #701(main) <qw68nw>; cfg; rspamd_init_lua_filters: init lua module emails from /usr/share/rspamd/plugins/emails.lua; digest: 7ecf38ef46
2025-01-18 14:04:45 #701(main) <qw68nw>; lua; lua_redis.lua:574: use default Redis settings for external_services
2025-01-18 14:04:45 #701(main) <qw68nw>; cfg; rspamd_init_lua_filters: init lua module external_services from /usr/share/rspamd/plugins/external_services.lua; digest: 112c496fb3
2025-01-18 14:04:45 #701(main) <qw68nw>; cfg; rspamd_init_lua_filters: init lua module force_actions from /usr/share/rspamd/plugins/force_actions.lua; digest: 0ea3aace5a
2025-01-18 14:04:45 #701(main) <qw68nw>; cfg; rspamd_init_lua_filters: init lua module forged_recipients from /usr/share/rspamd/plugins/forged_recipients.lua; digest: c174a4bd2f
2025-01-18 14:04:45 #701(main) <qw68nw>; cfg; rspamd_config_is_module_enabled: lua module fuzzy_collect is enabled but has not been configured
2025-01-18 14:04:45 #701(main) <qw68nw>; cfg; rspamd_config_is_module_enabled: fuzzy_collect disabling unconfigured lua module
2025-01-18 14:04:45 #701(main) <qw68nw>; cfg; rspamd_config_is_module_enabled: lua module greylist is disabled in the configuration
2025-01-18 14:04:45 #701(main) <qw68nw>; cfg; rspamd_init_lua_filters: init lua module hfilter from /usr/share/rspamd/plugins/hfilter.lua; digest: d05defaac1
2025-01-18 14:04:45 #701(main) <qw68nw>; lua; lua_redis.lua:574: use default Redis settings for history_redis
2025-01-18 14:04:45 #701(main) <qw68nw>; cfg; rspamd_init_lua_filters: init lua module history_redis from /usr/share/rspamd/plugins/history_redis.lua; digest: e26aac0644
2025-01-18 14:04:45 #701(main) <qw68nw>; cfg; rspamd_config_is_module_enabled: lua module http_headers is disabled in the configuration
2025-01-18 14:04:45 #701(main) <qw68nw>; cfg; rspamd_config_is_module_enabled: lua module ip_score is enabled but has not been configured
2025-01-18 14:04:45 #701(main) <qw68nw>; cfg; rspamd_config_is_module_enabled: ip_score disabling unconfigured lua module
2025-01-18 14:04:45 #701(main) <qw68nw>; cfg; rspamd_init_lua_filters: init lua module maillist from /usr/share/rspamd/plugins/maillist.lua; digest: 553bb408fe
2025-01-18 14:04:45 #701(main) <qw68nw>; cfg; rspamd_config_is_module_enabled: lua module maps_stats is enabled but has not been configured
2025-01-18 14:04:45 #701(main) <qw68nw>; cfg; rspamd_config_is_module_enabled: maps_stats disabling unconfigured lua module
2025-01-18 14:04:45 #701(main) <qw68nw>; cfg; rspamd_init_lua_filters: init lua module metadata_exporter from /usr/share/rspamd/plugins/metadata_exporter.lua; digest: 488583ed3f
2025-01-18 14:04:45 #701(main) <qw68nw>; cfg; rspamd_init_lua_filters: init lua module metric_exporter from /usr/share/rspamd/plugins/metric_exporter.lua; digest: c64704d4a8
2025-01-18 14:04:45 #701(main) <qw68nw>; cfg; rspamd_map_parse_backend: map '/etc/rspamd/local.d/maps.d/mid.inc' is not found, but it can be loaded automatically later
2025-01-18 14:04:45 #701(main) <qw68nw>; cfg; rspamd_map_parse_backend: map '/etc/rspamd/local.d/mid.inc' is not found, but it can be loaded automatically later
2025-01-18 14:04:45 #701(main) <qw68nw>; cfg; rspamd_init_lua_filters: init lua module mid from /usr/share/rspamd/plugins/mid.lua; digest: eaabb03713
2025-01-18 14:04:45 #701(main) <qw68nw>; lua; milter_headers.lua:655: active routines [remove-spam-flag]
2025-01-18 14:04:45 #701(main) <qw68nw>; cfg; rspamd_init_lua_filters: init lua module milter_headers from /usr/share/rspamd/plugins/milter_headers.lua; digest: 4da9da0ce6
2025-01-18 14:04:45 #701(main) <qw68nw>; cfg; rspamd_map_parse_backend: map '/etc/rspamd/local.d/maps.d/mime_types.inc.local' is not found, but it can be loaded automatically later
2025-01-18 14:04:45 #701(main) <qw68nw>; cfg; rspamd_map_parse_backend: map '/var/lib/rspamd/mime_types.inc.local' is not found, but it can be loaded automatically later
2025-01-18 14:04:45 #701(main) <qw68nw>; cfg; rspamd_init_lua_filters: init lua module mime_types from /usr/share/rspamd/plugins/mime_types.lua; digest: 0b67f0e061
2025-01-18 14:04:45 #701(main) <qw68nw>; lua; lua_redis.lua:574: use default Redis settings for multimap
2025-01-18 14:04:45 #701(main) <k8f914>; map; rspamd_map_add: added map https://maps.rspamd.com/freemail/disposable.txt.zst
2025-01-18 14:04:45 #701(main) <qw68nw>; lua; multimap.lua:1252: added multimap rule: disposable_envfrom (from)
2025-01-18 14:04:45 #701(main) <fdp86m>; map; rspamd_map_add: added map https://maps.rspamd.com/freemail/free.txt.zst
2025-01-18 14:04:45 #701(main) <qw68nw>; lua; multimap.lua:1252: added multimap rule: freemail_from (header)
2025-01-18 14:04:45 #701(main) <qw68nw>; lua; lua_maps.lua:127: reuse url for https://maps.rspamd.com/freemail/disposable.txt.zst(hash)
2025-01-18 14:04:45 #701(main) <qw68nw>; lua; multimap.lua:1252: added multimap rule: disposable_envrcpt (rcpt)
2025-01-18 14:04:45 #701(main) <qw68nw>; lua; lua_maps.lua:127: reuse url for https://maps.rspamd.com/freemail/free.txt.zst(hash)
2025-01-18 14:04:45 #701(main) <qw68nw>; lua; multimap.lua:1252: added multimap rule: freemail_replyto (header)
2025-01-18 14:04:45 #701(main) <qw68nw>; lua; lua_maps.lua:127: reuse url for https://maps.rspamd.com/freemail/disposable.txt.zst(hash)
2025-01-18 14:04:45 #701(main) <qw68nw>; lua; multimap.lua:1252: added multimap rule: disposable_cc (header)
2025-01-18 14:04:45 #701(main) <qw68nw>; lua; lua_maps.lua:127: reuse url for https://maps.rspamd.com/freemail/disposable.txt.zst(hash)
2025-01-18 14:04:45 #701(main) <qw68nw>; lua; multimap.lua:1252: added multimap rule: disposable_to (header)
2025-01-18 14:04:45 #701(main) <qw68nw>; lua; lua_maps.lua:127: reuse url for https://maps.rspamd.com/freemail/disposable.txt.zst(hash)
2025-01-18 14:04:45 #701(main) <qw68nw>; lua; multimap.lua:1252: added multimap rule: disposable_replyto (header)
2025-01-18 14:04:45 #701(main) <qw68nw>; lua; lua_maps.lua:127: reuse url for https://maps.rspamd.com/freemail/free.txt.zst(hash)
2025-01-18 14:04:45 #701(main) <qw68nw>; lua; multimap.lua:1252: added multimap rule: freemail_to (header)
2025-01-18 14:04:45 #701(main) <qw68nw>; lua; lua_maps.lua:127: reuse url for https://maps.rspamd.com/freemail/free.txt.zst(hash)
2025-01-18 14:04:45 #701(main) <qw68nw>; lua; multimap.lua:1252: added multimap rule: freemail_envrcpt (rcpt)
2025-01-18 14:04:45 #701(main) <qw68nw>; lua; lua_maps.lua:127: reuse url for https://maps.rspamd.com/freemail/disposable.txt.zst(hash)
2025-01-18 14:04:45 #701(main) <qw68nw>; lua; multimap.lua:1252: added multimap rule: disposable_from (header)
2025-01-18 14:04:45 #701(main) <qw68nw>; lua; lua_maps.lua:127: reuse url for https://maps.rspamd.com/freemail/free.txt.zst(hash)
2025-01-18 14:04:45 #701(main) <qw68nw>; lua; multimap.lua:1252: added multimap rule: freemail_envfrom (from)
2025-01-18 14:04:45 #701(main) <qw68nw>; lua; lua_maps.lua:127: reuse url for https://maps.rspamd.com/freemail/free.txt.zst(hash)
2025-01-18 14:04:45 #701(main) <qw68nw>; lua; multimap.lua:1252: added multimap rule: freemail_cc (header)
2025-01-18 14:04:45 #701(main) <qw68nw>; cfg; rspamd_init_lua_filters: init lua module multimap from /usr/share/rspamd/plugins/multimap.lua; digest: 858f0711f5
2025-01-18 14:04:45 #701(main) <qw68nw>; cfg; rspamd_config_is_module_enabled: lua module mx_check is disabled in the configuration
2025-01-18 14:04:45 #701(main) <qw68nw>; lua; neural.lua:876: register ann rule default
2025-01-18 14:04:45 #701(main) <qw68nw>; cfg; rspamd_init_lua_filters: init lua module neural from /usr/share/rspamd/plugins/neural.lua; digest: 4461fcc25c
2025-01-18 14:04:45 #701(main) <qw68nw>; cfg; rspamd_init_lua_filters: init lua module once_received from /usr/share/rspamd/plugins/once_received.lua; digest: 2e2cade379
2025-01-18 14:04:45 #701(main) <qw68nw>; cfg; rspamd_config_is_module_enabled: lua module p0f is disabled in the configuration
2025-01-18 14:04:45 #701(main) <qw68nw>; cfg; rspamd_map_parse_backend: map '/etc/rspamd/local.d/maps.d/redirectors.inc' is not found, but it can be loaded automatically later
2025-01-18 14:04:45 #701(main) <qw68nw>; cfg; rspamd_map_parse_backend: map '/etc/rspamd/local.d/redirectors.inc' is not found, but it can be loaded automatically later
2025-01-18 14:04:45 #701(main) <qw68nw>; cfg; rspamd_init_lua_filters: init lua module phishing from /usr/share/rspamd/plugins/phishing.lua; digest: e3e90faf23
2025-01-18 14:04:45 #701(main) <qw68nw>; lua; lua_redis.lua:574: use default Redis settings for ratelimit
2025-01-18 14:04:45 #701(main) <qw68nw>; cfg; rspamd_init_lua_filters: init lua module ratelimit from /usr/share/rspamd/plugins/ratelimit.lua; digest: 774963103a
2025-01-18 14:04:45 #701(main) <qw68nw>; cfg; rspamd_map_parse_backend: map '/etc/rspamd/local.d/maps.d/surbl-whitelist.inc.local' is not found, but it can be loaded automatically later
2025-01-18 14:04:45 #701(main) <qw68nw>; cfg; rspamd_map_parse_backend: map '/var/lib/rspamd/surbl-whitelist.inc.local' is not found, but it can be loaded automatically later
2025-01-18 14:04:45 #701(main) <qw68nw>; lua; rbl.lua:966: added URL whitelist for RBL SURBL_MULTI
2025-01-18 14:04:45 #701(main) <qw68nw>; lua; rbl.lua:1019: added rbl rule SURBL_MULTI: checks: alive,dkim,emails,urls
2025-01-18 14:04:45 #701(main) <qw68nw>; lua; rbl.lua:1019: added rbl rule MAILSPIKE: checks: alive,user,local,ip
2025-01-18 14:04:45 #701(main) <qw68nw>; lua; rbl.lua:1019: added rbl rule RBL_SEM: checks: alive,user,local,ip
2025-01-18 14:04:45 #701(main) <qw68nw>; lua; rbl.lua:1019: added rbl rule RBL_NIXSPAM: checks: alive,user,local,ip
2025-01-18 14:04:45 #701(main) <qw68nw>; lua; lua_maps.lua:149: reuse url for complex map definition p1tsamp7: RBL url whitelist for SEM_URIBL_FRESH15_UNKNOWN
2025-01-18 14:04:45 #701(main) <qw68nw>; lua; rbl.lua:966: added URL whitelist for RBL SEM_URIBL_FRESH15_UNKNOWN
2025-01-18 14:04:45 #701(main) <qw68nw>; lua; rbl.lua:1019: added rbl rule SEM_URIBL_FRESH15_UNKNOWN: checks: alive,dkim,emails,urls
2025-01-18 14:04:45 #701(main) <qw68nw>; lua; rbl.lua:1019: added rbl rule RBL_SENDERSCORE: checks: alive,user,local,ip
2025-01-18 14:04:45 #701(main) <qw68nw>; lua; lua_maps.lua:149: reuse url for complex map definition p1tsamp7: RBL url whitelist for SEM_URIBL_UNKNOWN
2025-01-18 14:04:45 #701(main) <qw68nw>; lua; rbl.lua:966: added URL whitelist for RBL SEM_URIBL_UNKNOWN
2025-01-18 14:04:45 #701(main) <qw68nw>; lua; rbl.lua:1019: added rbl rule SEM_URIBL_UNKNOWN: checks: alive,dkim,emails,urls
2025-01-18 14:04:45 #701(main) <qw68nw>; lua; lua_maps.lua:149: reuse url for complex map definition p1tsamp7: RBL url whitelist for DBL
2025-01-18 14:04:45 #701(main) <qw68nw>; lua; rbl.lua:966: added URL whitelist for RBL DBL
2025-01-18 14:04:45 #701(main) <qw68nw>; lua; rbl.lua:1019: added rbl rule DBL: checks: alive,dkim,emails,urls
2025-01-18 14:04:45 #701(main) <qw68nw>; lua; rbl.lua:1019: added rbl rule RBL_SEM_IPV6: checks: alive,user,local,ip
2025-01-18 14:04:45 #701(main) <qw68nw>; lua; lua_maps.lua:149: reuse url for complex map definition p1tsamp7: RBL url whitelist for URIBL_MULTI
2025-01-18 14:04:45 #701(main) <qw68nw>; lua; rbl.lua:966: added URL whitelist for RBL URIBL_MULTI
2025-01-18 14:04:45 #701(main) <qw68nw>; lua; rbl.lua:1019: added rbl rule URIBL_MULTI: checks: alive,dkim,emails,urls
2025-01-18 14:04:45 #701(main) <qw68nw>; lua; rbl.lua:1019: added rbl rule BLOCKLISTDE: checks: alive,user,local,ip,received
2025-01-18 14:04:45 #701(main) <qw68nw>; lua; rbl.lua:1019: added rbl rule RCVD_IN_DNSWL: checks: alive,user,local,ip,received
2025-01-18 14:04:45 #701(main) <qw68nw>; lua; lua_maps.lua:149: reuse url for complex map definition p1tsamp7: RBL url whitelist for RSPAMD_EMAILBL
2025-01-18 14:04:45 #701(main) <qw68nw>; lua; rbl.lua:966: added URL whitelist for RBL RSPAMD_EMAILBL
2025-01-18 14:04:45 #701(main) <qw68nw>; lua; rbl.lua:1019: added rbl rule RSPAMD_EMAILBL: checks: alive,emails,replyto
2025-01-18 14:04:45 #701(main) <qw68nw>; lua; lua_maps.lua:149: reuse url for complex map definition p1tsamp7: RBL url whitelist for RSPAMD_URIBL
2025-01-18 14:04:45 #701(main) <qw68nw>; lua; rbl.lua:966: added URL whitelist for RBL RSPAMD_URIBL
2025-01-18 14:04:45 #701(main) <qw68nw>; lua; rbl.lua:1019: added rbl rule RSPAMD_URIBL: checks: alive,dkim,emails,urls
2025-01-18 14:04:45 #701(main) <qw68nw>; lua; rbl.lua:1019: added rbl rule SPAMHAUS: checks: alive,user,local,ip,received
2025-01-18 14:04:45 #701(main) <qw68nw>; lua; lua_maps.lua:149: reuse url for complex map definition p1tsamp7: RBL url whitelist for MSBL_EBL
2025-01-18 14:04:45 #701(main) <qw68nw>; lua; rbl.lua:966: added URL whitelist for RBL MSBL_EBL
2025-01-18 14:04:45 #701(main) <qw68nw>; lua; rbl.lua:1019: added rbl rule MSBL_EBL: checks: alive,emails,replyto
2025-01-18 14:04:45 #701(main) <qw68nw>; lua; lua_maps.lua:149: reuse url for complex map definition p1tsamp7: RBL url whitelist for DWL_DNSWL
2025-01-18 14:04:45 #701(main) <qw68nw>; lua; rbl.lua:966: added URL whitelist for RBL DWL_DNSWL
2025-01-18 14:04:45 #701(main) <qw68nw>; lua; rbl.lua:1019: added rbl rule DWL_DNSWL: checks: alive,user,local,dkim
2025-01-18 14:04:45 #701(main) <qw68nw>; lua; rbl.lua:1019: added rbl rule RBL_VIRUSFREE_UNKNOWN: checks: alive,user,local,ip
2025-01-18 14:04:45 #701(main) <qw68nw>; cfg; rspamd_init_lua_filters: init lua module rbl from /usr/share/rspamd/plugins/rbl.lua; digest: f999e40417
2025-01-18 14:04:45 #701(main) <qw68nw>; lua; lua_redis.lua:574: use default Redis settings for replies
2025-01-18 14:04:45 #701(main) <qw68nw>; cfg; rspamd_init_lua_filters: init lua module replies from /usr/share/rspamd/plugins/replies.lua; digest: 144d58c534
2025-01-18 14:04:45 #701(main) <qw68nw>; lua; lua_redis.lua:574: use default Redis settings for reputation
2025-01-18 14:04:45 #701(main) <qw68nw>; cfg; rspamd_init_lua_filters: init lua module reputation from /usr/share/rspamd/plugins/reputation.lua; digest: c2883c3a77
2025-01-18 14:04:45 #701(main) <qw68nw>; cfg; rspamd_config_is_module_enabled: lua module rspamd_update is disabled in the configuration
2025-01-18 14:04:45 #701(main) <qw68nw>; cfg; rspamd_init_lua_filters: init lua module settings from /usr/share/rspamd/plugins/settings.lua; digest: 094d643b66
2025-01-18 14:04:45 #701(main) <qw68nw>; cfg; rspamd_init_lua_filters: init lua module spamassassin from /usr/share/rspamd/plugins/spamassassin.lua; digest: 866ed1c471
2025-01-18 14:04:45 #701(main) <qw68nw>; cfg; rspamd_config_is_module_enabled: lua module spamtrap is disabled in the configuration
2025-01-18 14:04:45 #701(main) <qw68nw>; cfg; rspamd_init_lua_filters: init lua module spf from /usr/share/rspamd/plugins/spf.lua; digest: 1fcdf00ca4
2025-01-18 14:04:45 #701(main) <qw68nw>; lua; trie.lua:167: no tries defined
2025-01-18 14:04:45 #701(main) <qw68nw>; cfg; rspamd_init_lua_filters: init lua module trie from /usr/share/rspamd/plugins/trie.lua; digest: 21c3eed3ab
2025-01-18 14:04:45 #701(main) <qw68nw>; lua; lua_redis.lua:574: use default Redis settings for url_redirector
2025-01-18 14:04:45 #701(main) <qw68nw>; lua; url_redirector.lua:339: no redirector_hosts_map option is specified, disabling module
2025-01-18 14:04:45 #701(main) <qw68nw>; cfg; rspamd_init_lua_filters: init lua module url_redirector from /usr/share/rspamd/plugins/url_redirector.lua; digest: ea3f497c31
2025-01-18 14:04:45 #701(main) <qw68nw>; cfg; rspamd_map_parse_backend: map '/etc/rspamd/local.d/maps.d/dkim_whitelist.inc.local' is not found, but it can be loaded automatically later
2025-01-18 14:04:45 #701(main) <qw68nw>; cfg; rspamd_map_parse_backend: map '/var/lib/rspamd/dkim_whitelist.inc.local' is not found, but it can be loaded automatically later
2025-01-18 14:04:45 #701(main) <qw68nw>; cfg; rspamd_map_parse_backend: map '/etc/rspamd/maps.d/dkim_whitelist.inc' is not found, but it can be loaded automatically later
2025-01-18 14:04:45 #701(main) <qw68nw>; cfg; rspamd_map_parse_backend: map '/etc/rspamd/local.d/maps.d/dmarc_whitelist.inc.local' is not found, but it can be loaded automatically later
2025-01-18 14:04:45 #701(main) <qw68nw>; cfg; rspamd_map_parse_backend: map '/var/lib/rspamd/dmarc_whitelist.inc.local' is not found, but it can be loaded automatically later
2025-01-18 14:04:45 #701(main) <qw68nw>; cfg; rspamd_map_parse_backend: map '/etc/rspamd/local.d/maps.d/spf_dkim_whitelist.inc.local' is not found, but it can be loaded automatically later
2025-01-18 14:04:45 #701(main) <qw68nw>; cfg; rspamd_map_parse_backend: map '/var/lib/rspamd/spf_dkim_whitelist.inc.local' is not found, but it can be loaded automatically later
2025-01-18 14:04:45 #701(main) <qw68nw>; cfg; rspamd_map_parse_backend: map '/etc/rspamd/local.d/maps.d/spf_whitelist.inc.local' is not found, but it can be loaded automatically later
2025-01-18 14:04:45 #701(main) <qw68nw>; cfg; rspamd_map_parse_backend: map '/var/lib/rspamd/spf_whitelist.inc.local' is not found, but it can be loaded automatically later
2025-01-18 14:04:45 #701(main) <qw68nw>; cfg; rspamd_map_parse_backend: map '/etc/rspamd/maps.d/spf_whitelist.inc' is not found, but it can be loaded automatically later
2025-01-18 14:04:45 #701(main) <qw68nw>; cfg; rspamd_init_lua_filters: init lua module whitelist from /usr/share/rspamd/plugins/whitelist.lua; digest: 42d0cb1154
2025-01-18 14:04:45 #701(main) rspamd_url_init: start compiling of 9270 TLD suffixes; it might take a long time
2025-01-18 14:04:45 #701(main) rspamd_url_init: initialized 9251 url match suffixes from '/usr/share/rspamd/effective_tld_names.dat'
2025-01-18 14:04:45 #701(main) <daz6fz>; map; rspamd_map_add: added map /var/lib/rspamd/rspamd_dynamic
2025-01-18 14:04:45 #701(main) <qw68nw>; symcache; rspamd_symcache_load_items: cannot open file /var/lib/rspamd/symbols.cache, error 2, No such file or directory
2025-01-18 14:04:45 #701(main) <b6d9e2>; re_cache; rspamd_re_cache_init: loaded hyperscan engine with cpu tune 'generic' and features 'AVX2'
2025-01-18 14:04:45 #701(main) <b6d9e2>; re_cache; rspamd_re_cache_load_hyperscan: full hyperscan database of 174 regexps has been loaded
2025-01-18 14:04:45 #701(main) json_config_fin_cb: loaded json is not an array
2025-01-18 14:04:45 #701(main) <84c5si>; map; read_map_file: /etc/rspamd/local.d/maps.d/spf_whitelist.inc.local: map file is not found; it will be read automatically if created
2025-01-18 14:04:45 #701(main) <84c5si>; map; read_map_file: /var/lib/rspamd/spf_whitelist.inc.local: map file is not found; it will be read automatically if created
2025-01-18 14:04:45 #701(main) <dyatkr>; map; rspamd_map_read_http_cached_file: read cached data for https://maps.rspamd.com/rspamd/spf_dkim_whitelist.inc.zst from /var/lib/rspamd/2368c73b937d98513ed72c4b04f4247bda43fdb5.map, 2871 bytes; next check at: 2025-01-18 16:54:40; last modified on: 2021-10-12 00:00:04; etag: (NULL)
2025-01-18 14:04:45 #701(main) <dyatkr>; map; read_map_file: /etc/rspamd/local.d/maps.d/spf_dkim_whitelist.inc.local: map file is not found; it will be read automatically if created
2025-01-18 14:04:45 #701(main) <dyatkr>; map; read_map_file: /var/lib/rspamd/spf_dkim_whitelist.inc.local: map file is not found; it will be read automatically if created
2025-01-18 14:04:45 #701(main) <dyatkr>; map; rspamd_kv_list_fin: read hash of 237 elements from https://maps.rspamd.com/rspamd/spf_dkim_whitelist.inc.zst
2025-01-18 14:04:45 #701(main) <qamb1r>; map; rspamd_map_read_http_cached_file: read cached data for https://maps.rspamd.com/rspamd/dmarc_whitelist_new.inc.zst from /var/lib/rspamd/877aa38dd77ed707d20b2f77d46b905b69a6295a.map, 10866 bytes; next check at: 2025-01-18 16:54:41; last modified on: 2024-07-28 21:59:46; etag: (NULL)
2025-01-18 14:04:45 #701(main) <qamb1r>; map; read_map_file: /etc/rspamd/local.d/maps.d/dmarc_whitelist.inc.local: map file is not found; it will be read automatically if created
2025-01-18 14:04:45 #701(main) <qamb1r>; map; read_map_file: /var/lib/rspamd/dmarc_whitelist.inc.local: map file is not found; it will be read automatically if created
2025-01-18 14:04:45 #701(main) <qamb1r>; map; rspamd_kv_list_fin: read hash of 787 elements from https://maps.rspamd.com/rspamd/dmarc_whitelist_new.inc.zst
2025-01-18 14:04:45 #701(main) <8m79ek>; map; read_map_file: /etc/rspamd/local.d/maps.d/dkim_whitelist.inc.local: map file is not found; it will be read automatically if created
2025-01-18 14:04:45 #701(main) <8m79ek>; map; read_map_file: /var/lib/rspamd/dkim_whitelist.inc.local: map file is not found; it will be read automatically if created
2025-01-18 14:04:45 #701(main) <qbq3yk>; map; rspamd_map_read_http_cached_file: read cached data for https://maps.rspamd.com/rspamd/surbl-whitelist.inc.zst from /var/lib/rspamd/8fe64ecd161a46f91a78ece93609cb863f9f42f2.map, 11647 bytes; next check at: 2025-01-18 16:54:42; last modified on: 2018-07-28 13:40:47; etag: (NULL)
2025-01-18 14:04:45 #701(main) <qbq3yk>; map; read_map_file: /etc/rspamd/local.d/maps.d/surbl-whitelist.inc.local: map file is not found; it will be read automatically if created
2025-01-18 14:04:45 #701(main) <qbq3yk>; map; read_map_file: /var/lib/rspamd/surbl-whitelist.inc.local: map file is not found; it will be read automatically if created
2025-01-18 14:04:45 #701(main) <qbq3yk>; map; rspamd_kv_list_fin: read hash of 828 elements from https://maps.rspamd.com/rspamd/surbl-whitelist.inc.zst
2025-01-18 14:04:45 #701(main) <u9r7uu>; map; rspamd_map_read_http_cached_file: read cached data for https://maps.rspamd.com/rspamd/redirectors.inc.zst from /var/lib/rspamd/f3933e67d5f9574a9eaf78cd0a8e99140ecc502e.map, 12310 bytes; next check at: 2025-01-18 16:54:41; last modified on: 2024-09-30 22:06:40; etag: (NULL)
2025-01-18 14:04:45 #701(main) <u9r7uu>; map; rspamd_kv_list_fin: read hash of 1196 elements from https://maps.rspamd.com/rspamd/redirectors.inc.zst
2025-01-18 14:04:45 #701(main) <48y7dd>; map; read_map_file: /etc/rspamd/local.d/maps.d/redirectors.inc: map file is not found; it will be read automatically if created
2025-01-18 14:04:45 #701(main) <48y7dd>; map; read_map_file: /etc/rspamd/local.d/redirectors.inc: map file is not found; it will be read automatically if created
2025-01-18 14:04:45 #701(main) <fdp86m>; map; rspamd_map_read_http_cached_file: read cached data for https://maps.rspamd.com/freemail/free.txt.zst from /var/lib/rspamd/65b4e39783c10c8ed89dbec4983259f22418f34d.map, 56272 bytes; next check at: 2025-01-18 16:54:42; last modified on: 2023-06-29 18:00:02; etag: (NULL)
2025-01-18 14:04:45 #701(main) <fdp86m>; map; rspamd_kv_list_fin: read hash of 4007 elements from https://maps.rspamd.com/freemail/free.txt.zst
2025-01-18 14:04:45 #701(main) <k8f914>; map; rspamd_map_read_http_cached_file: read cached data for https://maps.rspamd.com/freemail/disposable.txt.zst from /var/lib/rspamd/ea942f35f2c82e84bdb7b8ceb34537f7dbe986eb.map, 15599 bytes; next check at: 2025-01-18 16:54:42; last modified on: 2024-09-20 19:33:31; etag: (NULL)
2025-01-18 14:04:45 #701(main) <k8f914>; map; rspamd_kv_list_fin: read hash of 1148 elements from https://maps.rspamd.com/freemail/disposable.txt.zst
2025-01-18 14:04:45 #701(main) <o33omj>; map; rspamd_map_read_http_cached_file: read cached data for https://maps.rspamd.com/rspamd/mime_types.inc.zst from /var/lib/rspamd/2e66b2415ec9b99aaa155761c211e51def12016e.map, 48331 bytes; next check at: 2025-01-18 16:54:41; last modified on: 2024-07-26 11:42:02; etag: (NULL)
2025-01-18 14:04:45 #701(main) <o33omj>; map; read_map_file: /etc/rspamd/local.d/maps.d/mime_types.inc.local: map file is not found; it will be read automatically if created
2025-01-18 14:04:45 #701(main) <o33omj>; map; read_map_file: /var/lib/rspamd/mime_types.inc.local: map file is not found; it will be read automatically if created
2025-01-18 14:04:45 #701(main) <o33omj>; map; rspamd_kv_list_fin: read hash of 1546 elements from https://maps.rspamd.com/rspamd/mime_types.inc.zst
2025-01-18 14:04:45 #701(main) <7n3qic>; map; rspamd_map_read_http_cached_file: read cached data for https://maps.rspamd.com/rspamd/mid.inc.zst from /var/lib/rspamd/cb5a8189726ac3a8880e1c44ed6220c6d794521b.map, 997 bytes; next check at: 2025-01-18 16:54:41; last modified on: 2024-01-02 07:38:39; etag: (NULL)
2025-01-18 14:04:45 #701(main) <7n3qic>; map; read_map_file: /etc/rspamd/local.d/maps.d/mid.inc: map file is not found; it will be read automatically if created
2025-01-18 14:04:45 #701(main) <7n3qic>; map; read_map_file: /etc/rspamd/local.d/mid.inc: map file is not found; it will be read automatically if created
2025-01-18 14:04:45 #701(main) <7n3qic>; map; rspamd_kv_list_fin: read hash of 42 elements from https://maps.rspamd.com/rspamd/mid.inc.zst
2025-01-18 14:04:45 #701(main) <4dego7>; map; read_map_static: static: read map data, 180 bytes
2025-01-18 14:04:45 #701(main) <4dego7>; map; rspamd_try_load_re_map_cache: loaded hypersan cache from /var/lib/rspamd//38dbeb91b8d8b58a43107fc6512bd654c8c1a97669e73b7579194650f0433695.hsmc (8.92KiB length) for static
2025-01-18 14:04:45 #701(main) <4dego7>; map; rspamd_re_map_finalize: hyperscan read 2 cached regular expressions from static
2025-01-18 14:04:45 #701(main) <4dego7>; map; rspamd_regexp_list_fin: read regexp list of 2 elements
2025-01-18 14:04:45 #701(main) <4dego7>; map; read_map_static: static: read map data, 2466 bytes
2025-01-18 14:04:45 #701(main) <4dego7>; map; rspamd_try_load_re_map_cache: loaded hypersan cache from /var/lib/rspamd//0402a5c3bc277ffca466995cb8420ad931d15f4ac592973a00292c88dabf3467.hsmc (231.97KiB length) for static
2025-01-18 14:04:45 #701(main) <4dego7>; map; rspamd_re_map_finalize: hyperscan read 104 cached regular expressions from static
2025-01-18 14:04:45 #701(main) <4dego7>; map; rspamd_regexp_list_fin: read regexp list of 104 elements
2025-01-18 14:04:45 #701(main) <4dego7>; map; read_map_static: static: read map data, 452 bytes
2025-01-18 14:04:45 #701(main) <4dego7>; map; rspamd_try_load_re_map_cache: loaded hypersan cache from /var/lib/rspamd//b822457bc3950ecb5d44169eb4b2697ddb62dd90dbe799d93242695be3693da2.hsmc (15.00KiB length) for static
2025-01-18 14:04:45 #701(main) <4dego7>; map; rspamd_re_map_finalize: hyperscan read 24 cached regular expressions from static
2025-01-18 14:04:45 #701(main) <4dego7>; map; rspamd_regexp_list_fin: read regexp list of 24 elements
2025-01-18 14:04:45 #701(main) <4dego7>; map; read_map_static: static: read map data, 47 bytes
2025-01-18 14:04:45 #701(main) <4dego7>; map; rspamd_try_load_re_map_cache: loaded hypersan cache from /var/lib/rspamd//3034a0483753f4fd9b1d586eda8b5b7eb0f8352dbdb2fbccd5114fcdecb80cfe.hsmc (5.97KiB length) for static
2025-01-18 14:04:45 #701(main) <4dego7>; map; rspamd_re_map_finalize: hyperscan read 2 cached regular expressions from static
2025-01-18 14:04:45 #701(main) <4dego7>; map; rspamd_regexp_list_fin: read regexp list of 2 elements
2025-01-18 14:04:45 #701(main) <4dego7>; map; read_map_static: static: read map data, 10 bytes
2025-01-18 14:04:45 #701(main) <4dego7>; map; rspamd_radix_fin: read radix trie of 1 elements: ents=1 dup=0 tbm=0 lc=3 mem=1k free=0 waste=0
2025-01-18 14:04:45 #701(main) <qw68nw>; cfg; rspamd_config_register_settings_id: register new settings id 1792875810 (whitelist)
2025-01-18 14:04:45 #701(main) <qw68nw>; lua; settings.lua:1038: loaded 1 elements of settings
2025-01-18 14:04:45 #701(main) <a58da8>; main; main: rspamd 2.7 is starting, build id: release
2025-01-18 14:04:45 #701(main) <a58da8>; main; main: cpu features: avx2, avx, sse2, sse3, ssse3, sse4.1, sse4.2, rdrand
2025-01-18 14:04:45 #701(main) <a58da8>; main; main: cryptobox configuration: curve25519(libsodium), chacha20(avx2), poly1305(libsodium), siphash(libsodium), blake2(libsodium), base64(avx2)
2025-01-18 14:04:45 #701(main) <a58da8>; main; main: libottery prf: AES-128
2025-01-18 14:04:45 #701(main) <a58da8>; main; main: skip writing pid in no-fork mode
2025-01-18 14:04:45 #701(main) <a58da8>; main; main: event loop initialised with backend: epoll
2025-01-18 14:04:45 #701(main) <a58da8>; main; spawn_workers: worker of type fuzzy(localhost:11335) is disabled in the config, skip spawning
2025-01-18 14:04:45 #701(main) <a58da8>; main; rspamd_fork_worker: prepare to fork process rspamd_proxy (0); listen on: /var/run/rspamd-proxy.sock mode=0666
2025-01-18 14:04:45 #701(main) <a58da8>; main; rspamd_fork_worker: prepare to fork process controller (0); listen on: /var/run/rspamd-web.sock mode=0666
2025-01-18 14:04:45 #830(rspamd_proxy) <a58da8>; main; rspamd_worker_set_limits: use system max file descriptors limit: 1024MiB cur and 1024MiB max
2025-01-18 14:04:45 #701(main) <a58da8>; main; rspamd_fork_worker: prepare to fork process normal (0); listen on: /var/run/rspamd-normal.sock mode=0666
2025-01-18 14:04:45 #830(rspamd_proxy) <a58da8>; main; rspamd_worker_set_limits: use system max core size limit: -1B cur and -1B max
2025-01-18 14:04:45 #830(rspamd_proxy) <a58da8>; main; rspamd_handle_child_fork: starting rspamd_proxy process 830 (0); listen on: /var/run/rspamd-proxy.sock mode=0666
2025-01-18 14:04:45 #830(rspamd_proxy) <qw68nw>; cfg; rspamd_dns_resolv_conf_on_server: parsed nameserver 127.0.0.11 from resolv.conf
2025-01-18 14:04:45 #831(controller) <a58da8>; main; rspamd_worker_set_limits: use system max file descriptors limit: 1024MiB cur and 1024MiB max
2025-01-18 14:04:45 #831(controller) <a58da8>; main; rspamd_worker_set_limits: use system max core size limit: -1B cur and -1B max
2025-01-18 14:04:45 #831(controller) <a58da8>; main; rspamd_handle_child_fork: starting controller process 831 (0); listen on: /var/run/rspamd-web.sock mode=0666
2025-01-18 14:04:45 #701(main) <a58da8>; main; rspamd_fork_worker: prepare to fork process normal (1); listen on: /var/run/rspamd-normal.sock mode=0666
2025-01-18 14:04:45 #830(rspamd_proxy) <qw68nw>; cfg; rspamd_dns_read_hosts_file: processed host file /etc/hosts; 10 records added
2025-01-18 14:04:45 #831(controller) <qw68nw>; controller; rspamd_controller_password_sane: your normal password is not encrypted, we strongly recommend to replace it with the encrypted one
2025-01-18 14:04:45 #831(controller) <qw68nw>; controller; rspamd_controller_password_sane: enable password is not set, so you should filter controller availability by using of firewall or `secure_ip` option
2025-01-18 14:04:45 #701(main) <a58da8>; main; rspamd_fork_worker: prepare to fork process normal (2); listen on: /var/run/rspamd-normal.sock mode=0666
2025-01-18 14:04:45 #832(normal) <a58da8>; main; rspamd_worker_set_limits: use system max file descriptors limit: 1024MiB cur and 1024MiB max
2025-01-18 14:04:45 #831(controller) <qw68nw>; cfg; rspamd_dns_resolv_conf_on_server: parsed nameserver 127.0.0.11 from resolv.conf
2025-01-18 14:04:45 #832(normal) <a58da8>; main; rspamd_worker_set_limits: use system max core size limit: -1B cur and -1B max
2025-01-18 14:04:45 #832(normal) <a58da8>; main; rspamd_handle_child_fork: starting normal process 832 (0); listen on: /var/run/rspamd-normal.sock mode=0666
2025-01-18 14:04:45 #831(controller) <qw68nw>; cfg; rspamd_dns_read_hosts_file: processed host file /etc/hosts; 10 records added
2025-01-18 14:04:45 #833(normal) <a58da8>; main; rspamd_worker_set_limits: use system max file descriptors limit: 1024MiB cur and 1024MiB max
2025-01-18 14:04:45 #832(normal) <qw68nw>; cfg; rspamd_dns_resolv_conf_on_server: parsed nameserver 127.0.0.11 from resolv.conf
2025-01-18 14:04:45 #701(main) <a58da8>; main; rspamd_fork_worker: prepare to fork process normal (3); listen on: /var/run/rspamd-normal.sock mode=0666
2025-01-18 14:04:45 #833(normal) <a58da8>; main; rspamd_worker_set_limits: use system max core size limit: -1B cur and -1B max
2025-01-18 14:04:45 #833(normal) <a58da8>; main; rspamd_handle_child_fork: starting normal process 833 (1); listen on: /var/run/rspamd-normal.sock mode=0666
2025-01-18 14:04:45 #832(normal) <qw68nw>; cfg; rspamd_dns_read_hosts_file: processed host file /etc/hosts; 10 records added
2025-01-18 14:04:45 #833(normal) <qw68nw>; cfg; rspamd_dns_resolv_conf_on_server: parsed nameserver 127.0.0.11 from resolv.conf
2025-01-18 14:04:45 #834(normal) <a58da8>; main; rspamd_worker_set_limits: use system max file descriptors limit: 1024MiB cur and 1024MiB max
2025-01-18 14:04:45 #834(normal) <a58da8>; main; rspamd_worker_set_limits: use system max core size limit: -1B cur and -1B max
2025-01-18 14:04:45 #834(normal) <a58da8>; main; rspamd_handle_child_fork: starting normal process 834 (2); listen on: /var/run/rspamd-normal.sock mode=0666
2025-01-18 14:04:45 #833(normal) <qw68nw>; cfg; rspamd_dns_read_hosts_file: processed host file /etc/hosts; 10 records added
2025-01-18 14:04:45 #701(main) <a58da8>; main; rspamd_fork_worker: prepare to fork process hs_helper (0), no bind socket
2025-01-18 14:04:45 #834(normal) <qw68nw>; cfg; rspamd_dns_resolv_conf_on_server: parsed nameserver 127.0.0.11 from resolv.conf
2025-01-18 14:04:45 #834(normal) <qw68nw>; cfg; rspamd_dns_read_hosts_file: processed host file /etc/hosts; 10 records added
2025-01-18 14:04:45 #835(normal) <a58da8>; main; rspamd_worker_set_limits: use system max file descriptors limit: 1024MiB cur and 1024MiB max
2025-01-18 14:04:45 #835(normal) <a58da8>; main; rspamd_worker_set_limits: use system max core size limit: -1B cur and -1B max
2025-01-18 14:04:45 #835(normal) <a58da8>; main; rspamd_handle_child_fork: starting normal process 835 (3); listen on: /var/run/rspamd-normal.sock mode=0666
2025-01-18 14:04:45 #835(normal) <qw68nw>; cfg; rspamd_dns_resolv_conf_on_server: parsed nameserver 127.0.0.11 from resolv.conf
2025-01-18 14:04:45 #835(normal) <qw68nw>; cfg; rspamd_dns_read_hosts_file: processed host file /etc/hosts; 10 records added
2025-01-18 14:04:45 #701(main) <a58da8>; main; main: listening for control commands on /var/lib/rspamd/rspamd.sock
2025-01-18 14:04:45 #830(rspamd_proxy) <qw68nw>; lua; lua_redis.lua:1207: uploaded redis script to unix:/var/run/redis/redis.sock with id 5, sha: 3356099ff58c7e8893283c259278305d0d813a84
2025-01-18 14:04:45 #830(rspamd_proxy) <qw68nw>; lua; lua_redis.lua:1207: uploaded redis script to unix:/var/run/redis/redis.sock with id 6, sha: da3a534c5a16cf973cfab2ba50c1fb8461a87093
2025-01-18 14:04:45 #830(rspamd_proxy) <qw68nw>; lua; lua_redis.lua:1207: uploaded redis script to unix:/var/run/redis/redis.sock with id 1, sha: b2b5aaa894dc3056e6ac294e44adbd0a1ca702b6
2025-01-18 14:04:45 #830(rspamd_proxy) <qw68nw>; lua; lua_redis.lua:1207: uploaded redis script to unix:/var/run/redis/redis.sock with id 4, sha: b7bc61549b632aa0a12b5efd54e8b775e6d7f048
2025-01-18 14:04:45 #830(rspamd_proxy) <qw68nw>; lua; lua_redis.lua:1207: uploaded redis script to unix:/var/run/redis/redis.sock with id 3, sha: 3b7b7539e4555fa579ead520dcc3a85d8a25ceab
2025-01-18 14:04:45 #830(rspamd_proxy) <qw68nw>; lua; lua_redis.lua:1207: uploaded redis script to unix:/var/run/redis/redis.sock with id 2, sha: a43800941e2820ed8d764d50dfd9c142beddde68
2025-01-18 14:04:45 #831(controller) <qw68nw>; cfg; rspamd_redis_parse_classifier_opts: you are using old bayes schema for redis statistics, please consider converting it to a new one by using 'rspamadm configwizard statistics'
2025-01-18 14:04:45 #836(hs_helper) <a58da8>; main; rspamd_worker_set_limits: use system max file descriptors limit: 1024MiB cur and 1024MiB max
2025-01-18 14:04:45 #836(hs_helper) <a58da8>; main; rspamd_worker_set_limits: use system max core size limit: -1B cur and -1B max
2025-01-18 14:04:45 #836(hs_helper) <a58da8>; main; rspamd_handle_child_fork: starting hs_helper process 836 (0); no listen
2025-01-18 14:04:45 #832(normal) <qw68nw>; cfg; rspamd_redis_parse_classifier_opts: you are using old bayes schema for redis statistics, please consider converting it to a new one by using 'rspamadm configwizard statistics'
2025-01-18 14:04:45 #831(controller) <qw68nw>; cfg; rspamd_redis_parse_classifier_opts: you are using old bayes schema for redis statistics, please consider converting it to a new one by using 'rspamadm configwizard statistics'
2025-01-18 14:04:45 #832(normal) <qw68nw>; cfg; rspamd_redis_parse_classifier_opts: you are using old bayes schema for redis statistics, please consider converting it to a new one by using 'rspamadm configwizard statistics'
2025-01-18 14:04:45 #831(controller) <brnx44>; rrd; rspamd_rrd_open: rrd file opened: /var/lib/rspamd/rspamd.rrd
2025-01-18 14:04:45 #834(normal) <qw68nw>; cfg; rspamd_redis_parse_classifier_opts: you are using old bayes schema for redis statistics, please consider converting it to a new one by using 'rspamadm configwizard statistics'
2025-01-18 14:04:45 #833(normal) <qw68nw>; cfg; rspamd_redis_parse_classifier_opts: you are using old bayes schema for redis statistics, please consider converting it to a new one by using 'rspamadm configwizard statistics'
2025-01-18 14:04:45 #833(normal) <qw68nw>; cfg; rspamd_redis_parse_classifier_opts: you are using old bayes schema for redis statistics, please consider converting it to a new one by using 'rspamadm configwizard statistics'
2025-01-18 14:04:45 #834(normal) <qw68nw>; cfg; rspamd_redis_parse_classifier_opts: you are using old bayes schema for redis statistics, please consider converting it to a new one by using 'rspamadm configwizard statistics'
2025-01-18 14:04:45 #832(normal) <qw68nw>; lua; lua_redis.lua:1207: uploaded redis script to unix:/var/run/redis/redis.sock with id 2, sha: a43800941e2820ed8d764d50dfd9c142beddde68
2025-01-18 14:04:45 #835(normal) <qw68nw>; cfg; rspamd_redis_parse_classifier_opts: you are using old bayes schema for redis statistics, please consider converting it to a new one by using 'rspamadm configwizard statistics'
2025-01-18 14:04:45 #832(normal) <qw68nw>; lua; lua_redis.lua:1207: uploaded redis script to unix:/var/run/redis/redis.sock with id 3, sha: 3b7b7539e4555fa579ead520dcc3a85d8a25ceab
2025-01-18 14:04:45 #832(normal) <qw68nw>; lua; lua_redis.lua:1207: uploaded redis script to unix:/var/run/redis/redis.sock with id 5, sha: 3356099ff58c7e8893283c259278305d0d813a84
2025-01-18 14:04:45 #832(normal) <qw68nw>; lua; lua_redis.lua:1207: uploaded redis script to unix:/var/run/redis/redis.sock with id 6, sha: da3a534c5a16cf973cfab2ba50c1fb8461a87093
2025-01-18 14:04:45 #832(normal) <qw68nw>; lua; lua_redis.lua:1207: uploaded redis script to unix:/var/run/redis/redis.sock with id 1, sha: b2b5aaa894dc3056e6ac294e44adbd0a1ca702b6
2025-01-18 14:04:45 #832(normal) <qw68nw>; lua; lua_redis.lua:1207: uploaded redis script to unix:/var/run/redis/redis.sock with id 4, sha: b7bc61549b632aa0a12b5efd54e8b775e6d7f048
2025-01-18 14:04:45 #833(normal) <qw68nw>; lua; lua_redis.lua:1207: uploaded redis script to unix:/var/run/redis/redis.sock with id 5, sha: 3356099ff58c7e8893283c259278305d0d813a84
2025-01-18 14:04:45 #833(normal) <qw68nw>; lua; lua_redis.lua:1207: uploaded redis script to unix:/var/run/redis/redis.sock with id 6, sha: da3a534c5a16cf973cfab2ba50c1fb8461a87093
2025-01-18 14:04:45 #833(normal) <qw68nw>; lua; lua_redis.lua:1207: uploaded redis script to unix:/var/run/redis/redis.sock with id 4, sha: b7bc61549b632aa0a12b5efd54e8b775e6d7f048
2025-01-18 14:04:45 #833(normal) <qw68nw>; lua; lua_redis.lua:1207: uploaded redis script to unix:/var/run/redis/redis.sock with id 1, sha: b2b5aaa894dc3056e6ac294e44adbd0a1ca702b6
2025-01-18 14:04:45 #833(normal) <qw68nw>; lua; lua_redis.lua:1207: uploaded redis script to unix:/var/run/redis/redis.sock with id 2, sha: a43800941e2820ed8d764d50dfd9c142beddde68
2025-01-18 14:04:45 #833(normal) <qw68nw>; lua; lua_redis.lua:1207: uploaded redis script to unix:/var/run/redis/redis.sock with id 3, sha: 3b7b7539e4555fa579ead520dcc3a85d8a25ceab
2025-01-18 14:04:45 #835(normal) <qw68nw>; cfg; rspamd_redis_parse_classifier_opts: you are using old bayes schema for redis statistics, please consider converting it to a new one by using 'rspamadm configwizard statistics'
2025-01-18 14:04:45 #834(normal) <qw68nw>; lua; lua_redis.lua:1207: uploaded redis script to unix:/var/run/redis/redis.sock with id 4, sha: b7bc61549b632aa0a12b5efd54e8b775e6d7f048
2025-01-18 14:04:45 #834(normal) <qw68nw>; lua; lua_redis.lua:1207: uploaded redis script to unix:/var/run/redis/redis.sock with id 1, sha: b2b5aaa894dc3056e6ac294e44adbd0a1ca702b6
2025-01-18 14:04:45 #834(normal) <qw68nw>; lua; lua_redis.lua:1207: uploaded redis script to unix:/var/run/redis/redis.sock with id 2, sha: a43800941e2820ed8d764d50dfd9c142beddde68
2025-01-18 14:04:45 #834(normal) <qw68nw>; lua; lua_redis.lua:1207: uploaded redis script to unix:/var/run/redis/redis.sock with id 3, sha: 3b7b7539e4555fa579ead520dcc3a85d8a25ceab
2025-01-18 14:04:45 #834(normal) <qw68nw>; lua; lua_redis.lua:1207: uploaded redis script to unix:/var/run/redis/redis.sock with id 5, sha: 3356099ff58c7e8893283c259278305d0d813a84
2025-01-18 14:04:45 #834(normal) <qw68nw>; lua; lua_redis.lua:1207: uploaded redis script to unix:/var/run/redis/redis.sock with id 6, sha: da3a534c5a16cf973cfab2ba50c1fb8461a87093
2025-01-18 14:04:45 #831(controller) <qw68nw>; lua; lua_redis.lua:1207: uploaded redis script to unix:/var/run/redis/redis.sock with id 5, sha: 3356099ff58c7e8893283c259278305d0d813a84
2025-01-18 14:04:45 #831(controller) <qw68nw>; lua; lua_redis.lua:1207: uploaded redis script to unix:/var/run/redis/redis.sock with id 4, sha: b7bc61549b632aa0a12b5efd54e8b775e6d7f048
2025-01-18 14:04:45 #831(controller) <qw68nw>; lua; lua_redis.lua:1207: uploaded redis script to unix:/var/run/redis/redis.sock with id 6, sha: da3a534c5a16cf973cfab2ba50c1fb8461a87093
2025-01-18 14:04:45 #831(controller) <qw68nw>; lua; lua_redis.lua:1207: uploaded redis script to unix:/var/run/redis/redis.sock with id 1, sha: b2b5aaa894dc3056e6ac294e44adbd0a1ca702b6
2025-01-18 14:04:45 #831(controller) <qw68nw>; lua; lua_redis.lua:1207: uploaded redis script to unix:/var/run/redis/redis.sock with id 2, sha: a43800941e2820ed8d764d50dfd9c142beddde68
2025-01-18 14:04:45 #831(controller) <qw68nw>; lua; lua_redis.lua:1207: uploaded redis script to unix:/var/run/redis/redis.sock with id 3, sha: 3b7b7539e4555fa579ead520dcc3a85d8a25ceab
2025-01-18 14:04:45 #835(normal) <qw68nw>; lua; lua_redis.lua:1207: uploaded redis script to unix:/var/run/redis/redis.sock with id 4, sha: b7bc61549b632aa0a12b5efd54e8b775e6d7f048
2025-01-18 14:04:45 #835(normal) <qw68nw>; lua; lua_redis.lua:1207: uploaded redis script to unix:/var/run/redis/redis.sock with id 1, sha: b2b5aaa894dc3056e6ac294e44adbd0a1ca702b6
2025-01-18 14:04:45 #835(normal) <qw68nw>; lua; lua_redis.lua:1207: uploaded redis script to unix:/var/run/redis/redis.sock with id 2, sha: a43800941e2820ed8d764d50dfd9c142beddde68
2025-01-18 14:04:45 #835(normal) <qw68nw>; lua; lua_redis.lua:1207: uploaded redis script to unix:/var/run/redis/redis.sock with id 3, sha: 3b7b7539e4555fa579ead520dcc3a85d8a25ceab
2025-01-18 14:04:45 #835(normal) <qw68nw>; lua; lua_redis.lua:1207: uploaded redis script to unix:/var/run/redis/redis.sock with id 5, sha: 3356099ff58c7e8893283c259278305d0d813a84
2025-01-18 14:04:45 #835(normal) <qw68nw>; lua; lua_redis.lua:1207: uploaded redis script to unix:/var/run/redis/redis.sock with id 6, sha: da3a534c5a16cf973cfab2ba50c1fb8461a87093
2025-01-18 14:04:45 #831(controller) <prfoy8>; monitored; rspamd_monitored_dns_cb: DNS reply returned 'no error' for list.dnswl.org while 'no records with this name' was expected when querying for '1.0.0.127.list.dnswl.org'(likely DNS spoofing or BL internal issues)
2025-01-18 14:04:45 #831(controller) <1ccygw>; monitored; rspamd_monitored_dns_cb: DNS reply returned 'no error' for dwl.dnswl.org while 'no records with this name' was expected when querying for 'uhrmnFGzV8vXbWVucnWI95NDxJIXo9.dwl.dnswl.org'(likely DNS spoofing or BL internal issues)
2025-01-18 14:04:45 #831(controller) <k4k3se>; monitored; rspamd_monitored_dns_cb: DNS reply returned 'no error' for bl.score.senderscore.com while 'no records with this name' was expected when querying for '1.0.0.127.bl.score.senderscore.com'(likely DNS spoofing or BL internal issues)
2025-01-18 14:04:45 #831(controller) <imhkkk>; monitored; rspamd_monitored_dns_cb: DNS query blocked on multi.uribl.com (127.0.0.1 returned), possibly due to high volume
2025-01-18 14:04:47 #701(main) <a58da8>; main; rspamd_control_handler: accepted control connection from /var/lib/rspamd/rspamd.sock
2025-01-18 14:04:47 #701(main) <a58da8>; main; rspamd_control_connection_close: finished connection from /var/lib/rspamd/rspamd.sock
2025-01-18 14:04:50 #836(hs_helper) rspamd_rs_compile_cb: compiled 0 regular expressions to the hyperscan tree, postpone loaded notification for 1 seconds to avoid races
2025-01-18 14:05:18 #831(controller) <imhkkk>; monitored; rspamd_monitored_dns_cb: DNS query blocked on multi.uribl.com (127.0.0.1 returned), possibly due to high volume
2025-01-18 14:05:21 #831(controller) <prfoy8>; monitored; rspamd_monitored_dns_cb: DNS reply returned 'no error' for list.dnswl.org while 'no records with this name' was expected when querying for '1.0.0.127.list.dnswl.org'(likely DNS spoofing or BL internal issues)
2025-01-18 14:05:27 #831(controller) <1ccygw>; monitored; rspamd_monitored_dns_cb: DNS reply returned 'no error' for dwl.dnswl.org while 'no records with this name' was expected when querying for 'hvDuNbds.dwl.dnswl.org'(likely DNS spoofing or BL internal issues)
2025-01-18 14:05:31 #831(controller) <k4k3se>; monitored; rspamd_monitored_dns_cb: DNS reply returned 'no error' for bl.score.senderscore.com while 'no records with this name' was expected when querying for '1.0.0.127.bl.score.senderscore.com'(likely DNS spoofing or BL internal issues)
2025-01-18 14:05:36 #831(controller) <imhkkk>; monitored; rspamd_monitored_dns_cb: DNS query blocked on multi.uribl.com (127.0.0.1 returned), possibly due to high volume
2025-01-18 14:05:48 #701(main) <a58da8>; main; rspamd_control_handler: accepted control connection from /var/lib/rspamd/rspamd.sock
2025-01-18 14:05:48 #701(main) <a58da8>; main; rspamd_control_connection_close: finished connection from /var/lib/rspamd/rspamd.sock
2025-01-18 14:05:48 #831(controller) <1ccygw>; monitored; rspamd_monitored_dns_cb: DNS reply returned 'no error' for dwl.dnswl.org while 'no records with this name' was expected when querying for 'ywbl2wvH.dwl.dnswl.org'(likely DNS spoofing or BL internal issues)
2025-01-18 14:05:50 #831(controller) <prfoy8>; monitored; rspamd_monitored_dns_cb: DNS reply returned 'no error' for list.dnswl.org while 'no records with this name' was expected when querying for '1.0.0.127.list.dnswl.org'(likely DNS spoofing or BL internal issues)
2025-01-18 14:05:50 #831(controller) <imhkkk>; monitored; rspamd_monitored_dns_cb: DNS query blocked on multi.uribl.com (127.0.0.1 returned), possibly due to high volume
2025-01-18 14:05:50 #831(controller) <imhkkk>; monitored; rspamd_monitored_propagate_error: invalid return on resolving multi.uribl.com, disable object
2025-01-18 14:05:50 #831(controller) <qw68nw>; cfg; rspamd_worker_monitored_on_change: broadcast monitored update for imhkkkzu76dtxr3ajyrpn947zwx9kfa: dead
2025-01-18 14:05:50 #833(normal) <qw68nw>; cfg; rspamd_worker_monitored_handler: updated monitored status for imhkkkzu76dtxr3ajyrpn947zwx9kfa: dead
2025-01-18 14:05:50 #834(normal) <qw68nw>; cfg; rspamd_worker_monitored_handler: updated monitored status for imhkkkzu76dtxr3ajyrpn947zwx9kfa: dead
2025-01-18 14:05:50 #835(normal) <qw68nw>; cfg; rspamd_worker_monitored_handler: updated monitored status for imhkkkzu76dtxr3ajyrpn947zwx9kfa: dead
2025-01-18 14:05:50 #832(normal) <qw68nw>; cfg; rspamd_worker_monitored_handler: updated monitored status for imhkkkzu76dtxr3ajyrpn947zwx9kfa: dead
2025-01-18 14:05:53 #831(controller) <k4k3se>; monitored; rspamd_monitored_dns_cb: DNS reply returned 'no error' for bl.score.senderscore.com while 'no records with this name' was expected when querying for '1.0.0.127.bl.score.senderscore.com'(likely DNS spoofing or BL internal issues)
2025-01-18 14:06:00 #831(controller) <1ccygw>; monitored; rspamd_monitored_dns_cb: DNS reply returned 'no error' for dwl.dnswl.org while 'no records with this name' was expected when querying for 'KnaPofBHPKz83w1KsUYSh5.dwl.dnswl.org'(likely DNS spoofing or BL internal issues)
2025-01-18 14:06:00 #831(controller) <1ccygw>; monitored; rspamd_monitored_propagate_error: invalid return on resolving dwl.dnswl.org, disable object
2025-01-18 14:06:00 #831(controller) <qw68nw>; cfg; rspamd_worker_monitored_on_change: broadcast monitored update for 1ccygwo8byjjy64p53ed6j3sxizfgnr: dead
2025-01-18 14:06:00 #835(normal) <qw68nw>; cfg; rspamd_worker_monitored_handler: updated monitored status for 1ccygwo8byjjy64p53ed6j3sxizfgnr: dead
2025-01-18 14:06:00 #834(normal) <qw68nw>; cfg; rspamd_worker_monitored_handler: updated monitored status for 1ccygwo8byjjy64p53ed6j3sxizfgnr: dead
2025-01-18 14:06:00 #833(normal) <qw68nw>; cfg; rspamd_worker_monitored_handler: updated monitored status for 1ccygwo8byjjy64p53ed6j3sxizfgnr: dead
2025-01-18 14:06:00 #832(normal) <qw68nw>; cfg; rspamd_worker_monitored_handler: updated monitored status for 1ccygwo8byjjy64p53ed6j3sxizfgnr: dead
2025-01-18 14:06:02 #831(controller) <k4k3se>; monitored; rspamd_monitored_dns_cb: DNS reply returned 'no error' for bl.score.senderscore.com while 'no records with this name' was expected when querying for '1.0.0.127.bl.score.senderscore.com'(likely DNS spoofing or BL internal issues)
2025-01-18 14:06:02 #831(controller) <k4k3se>; monitored; rspamd_monitored_propagate_error: invalid return on resolving bl.score.senderscore.com, disable object
2025-01-18 14:06:02 #831(controller) <qw68nw>; cfg; rspamd_worker_monitored_on_change: broadcast monitored update for k4k3seyr7s6brg5nwxd8cuwfokax64x: dead
2025-01-18 14:06:02 #835(normal) <qw68nw>; cfg; rspamd_worker_monitored_handler: updated monitored status for k4k3seyr7s6brg5nwxd8cuwfokax64x: dead
2025-01-18 14:06:02 #833(normal) <qw68nw>; cfg; rspamd_worker_monitored_handler: updated monitored status for k4k3seyr7s6brg5nwxd8cuwfokax64x: dead
2025-01-18 14:06:02 #832(normal) <qw68nw>; cfg; rspamd_worker_monitored_handler: updated monitored status for k4k3seyr7s6brg5nwxd8cuwfokax64x: dead
2025-01-18 14:06:02 #834(normal) <qw68nw>; cfg; rspamd_worker_monitored_handler: updated monitored status for k4k3seyr7s6brg5nwxd8cuwfokax64x: dead
2025-01-18 14:06:04 #831(controller) <prfoy8>; monitored; rspamd_monitored_dns_cb: DNS reply returned 'no error' for list.dnswl.org while 'no records with this name' was expected when querying for '1.0.0.127.list.dnswl.org'(likely DNS spoofing or BL internal issues)
2025-01-18 14:06:04 #831(controller) <prfoy8>; monitored; rspamd_monitored_propagate_error: invalid return on resolving list.dnswl.org, disable object
2025-01-18 14:06:04 #831(controller) <qw68nw>; cfg; rspamd_worker_monitored_on_change: broadcast monitored update for prfoy8xmhfi33r1b3ihzsex76bn8yqq: dead
2025-01-18 14:06:04 #833(normal) <qw68nw>; cfg; rspamd_worker_monitored_handler: updated monitored status for prfoy8xmhfi33r1b3ihzsex76bn8yqq: dead
2025-01-18 14:06:04 #834(normal) <qw68nw>; cfg; rspamd_worker_monitored_handler: updated monitored status for prfoy8xmhfi33r1b3ihzsex76bn8yqq: dead
2025-01-18 14:06:04 #835(normal) <qw68nw>; cfg; rspamd_worker_monitored_handler: updated monitored status for prfoy8xmhfi33r1b3ihzsex76bn8yqq: dead
2025-01-18 14:06:04 #832(normal) <qw68nw>; cfg; rspamd_worker_monitored_handler: updated monitored status for prfoy8xmhfi33r1b3ihzsex76bn8yqq: dead
2025-01-18 14:06:48 #701(main) <a58da8>; main; rspamd_control_handler: accepted control connection from /var/lib/rspamd/rspamd.sock
2025-01-18 14:06:48 #701(main) <a58da8>; main; rspamd_control_connection_close: finished connection from /var/lib/rspamd/rspamd.sock
2025-01-18 14:07:29 #831(controller) <k4k3se>; monitored; rspamd_monitored_dns_cb: DNS reply returned 'no error' for bl.score.senderscore.com while 'no records with this name' was expected when querying for '1.0.0.127.bl.score.senderscore.com'(likely DNS spoofing or BL internal issues)
2025-01-18 14:07:31 #831(controller) <1ccygw>; monitored; rspamd_monitored_dns_cb: DNS reply returned 'no error' for dwl.dnswl.org while 'no records with this name' was expected when querying for 'kL7dvXHCjqXh0WznwEOfOt.dwl.dnswl.org'(likely DNS spoofing or BL internal issues)
2025-01-18 14:07:34 #831(controller) <imhkkk>; monitored; rspamd_monitored_dns_cb: DNS query blocked on multi.uribl.com (127.0.0.1 returned), possibly due to high volume
2025-01-18 14:07:38 #831(controller) <prfoy8>; monitored; rspamd_monitored_dns_cb: DNS reply returned 'no error' for list.dnswl.org while 'no records with this name' was expected when querying for '1.0.0.127.list.dnswl.org'(likely DNS spoofing or BL internal issues)
2025-01-18 14:07:48 #701(main) <a58da8>; main; rspamd_control_handler: accepted control connection from /var/lib/rspamd/rspamd.sock
2025-01-18 14:07:48 #701(main) <a58da8>; main; rspamd_control_connection_close: finished connection from /var/lib/rspamd/rspamd.sock
2025-01-18 14:08:48 #701(main) <a58da8>; main; rspamd_control_handler: accepted control connection from /var/lib/rspamd/rspamd.sock
2025-01-18 14:08:48 #701(main) <a58da8>; main; rspamd_control_connection_close: finished connection from /var/lib/rspamd/rspamd.sock
2025-01-18 14:09:44 #831(controller) <prfoy8>; monitored; rspamd_monitored_dns_cb: DNS reply returned 'no error' for list.dnswl.org while 'no records with this name' was expected when querying for '1.0.0.127.list.dnswl.org'(likely DNS spoofing or BL internal issues)
2025-01-18 14:09:49 #701(main) <a58da8>; main; rspamd_control_handler: accepted control connection from /var/lib/rspamd/rspamd.sock
2025-01-18 14:09:49 #701(main) <a58da8>; main; rspamd_control_connection_close: finished connection from /var/lib/rspamd/rspamd.sock
2025-01-18 14:10:32 #831(controller) <1ccygw>; monitored; rspamd_monitored_dns_cb: DNS reply returned 'no error' for dwl.dnswl.org while 'no records with this name' was expected when querying for 'KVDaRphcp0J8rwWKV5OhfKK.dwl.dnswl.org'(likely DNS spoofing or BL internal issues)
2025-01-18 14:10:47 #831(controller) <k4k3se>; monitored; rspamd_monitored_dns_cb: DNS reply returned 'no error' for bl.score.senderscore.com while 'no records with this name' was expected when querying for '1.0.0.127.bl.score.senderscore.com'(likely DNS spoofing or BL internal issues)
2025-01-18 14:10:49 #701(main) <a58da8>; main; rspamd_control_handler: accepted control connection from /var/lib/rspamd/rspamd.sock
2025-01-18 14:10:49 #701(main) <a58da8>; main; rspamd_control_connection_close: finished connection from /var/lib/rspamd/rspamd.sock
2025-01-18 14:11:28 #831(controller) <imhkkk>; monitored; rspamd_monitored_dns_cb: DNS query blocked on multi.uribl.com (127.0.0.1 returned), possibly due to high volume
2025-01-18 14:11:49 #701(main) <a58da8>; main; rspamd_control_handler: accepted control connection from /var/lib/rspamd/rspamd.sock
2025-01-18 14:11:49 #701(main) <a58da8>; main; rspamd_control_connection_close: finished connection from /var/lib/rspamd/rspamd.sock
2025-01-18 14:12:23 #701(main) <a58da8>; main; rspamd_term_handler: catch termination signal, waiting for 7 children for 16.00 seconds
2025-01-18 14:12:23 #834(normal) <a58da8>; main; rspamd_worker_term_handler: terminating after receiving signal Terminated
2025-01-18 14:12:23 #833(normal) <a58da8>; main; rspamd_worker_term_handler: terminating after receiving signal Terminated
2025-01-18 14:12:23 #835(normal) <a58da8>; main; rspamd_worker_term_handler: terminating after receiving signal Terminated
2025-01-18 14:12:23 #836(hs_helper) <a58da8>; main; rspamd_worker_term_handler: terminating after receiving signal Terminated
2025-01-18 14:12:23 #831(controller) <a58da8>; main; rspamd_worker_term_handler: terminating after receiving signal Terminated
2025-01-18 14:12:23 #831(controller) rspamd_controller_on_terminate: closing rrd file: /var/lib/rspamd/rspamd.rrd
2025-01-18 14:12:23 #830(rspamd_proxy) <a58da8>; main; rspamd_worker_term_handler: terminating after receiving signal Terminated
2025-01-18 14:12:23 #832(normal) <a58da8>; main; rspamd_worker_term_handler: terminating after receiving signal Terminated
2025-01-18 14:12:23 #701(main) <a58da8>; main; rspamd_check_termination_clause: controller process 831 terminated normally
2025-01-18 14:12:23 #701(main) <a58da8>; main; rspamd_cld_handler: do not respawn process controller after found terminated process with pid 831
2025-01-18 14:12:23 #701(main) <a58da8>; main; rspamd_check_termination_clause: normal process 833 terminated normally
2025-01-18 14:12:23 #701(main) <a58da8>; main; rspamd_cld_handler: do not respawn process normal after found terminated process with pid 833
2025-01-18 14:12:23 #701(main) <a58da8>; main; rspamd_check_termination_clause: hs_helper process 836 terminated normally
2025-01-18 14:12:23 #701(main) <a58da8>; main; rspamd_cld_handler: do not respawn process hs_helper after found terminated process with pid 836
2025-01-18 14:12:23 #701(main) <a58da8>; main; rspamd_check_termination_clause: rspamd_proxy process 830 terminated normally
2025-01-18 14:12:23 #701(main) <a58da8>; main; rspamd_cld_handler: do not respawn process rspamd_proxy after found terminated process with pid 830
2025-01-18 14:12:23 #701(main) <a58da8>; main; rspamd_check_termination_clause: normal process 835 terminated normally
2025-01-18 14:12:23 #701(main) <a58da8>; main; rspamd_cld_handler: do not respawn process normal after found terminated process with pid 835
2025-01-18 14:12:23 #701(main) <a58da8>; main; rspamd_check_termination_clause: normal process 832 terminated normally
2025-01-18 14:12:23 #701(main) <a58da8>; main; rspamd_cld_handler: do not respawn process normal after found terminated process with pid 832
2025-01-18 14:12:23 #701(main) <a58da8>; main; rspamd_check_termination_clause: normal process 834 terminated normally
2025-01-18 14:12:23 #701(main) <a58da8>; main; rspamd_cld_handler: do not respawn process normal after found terminated process with pid 834
2025-01-18 14:12:23 #701(main) <a58da8>; main; main: terminating...
2025-01-18 14:12:38 #710(main) lua; lua_cfg_transform.lua:161: group excessqp has no symbols
2025-01-18 14:12:38 #710(main) lua; lua_cfg_transform.lua:161: group excessb64 has no symbols
2025-01-18 14:12:38 #710(main) <>; lua; lua_cfg_transform.lua:510: enable `options.check_all_filters` for neural network
2025-01-18 14:12:38 #710(main) <>; lua; lua_cfg_transform.lua:568: converted surbl rules to rbl rules
2025-01-18 14:12:38 #710(main) <>; lua; lua_cfg_transform.lua:582: converted emails rules to rbl rules
2025-01-18 14:12:38 #710(main) cfg; rspamd_rcl_maybe_apply_lua_transform: configuration has been transformed in Lua
2025-01-18 14:12:38 #710(main) <mqggg4>; cfg; rspamd_config_set_action_score: action greylist has been already registered with priority 0, override it with new priority: 0, old score: nan
2025-01-18 14:12:38 #710(main) <mqggg4>; cfg; rspamd_config_set_action_score: action reject has been already registered with priority 0, override it with new priority: 0, old score: nan
2025-01-18 14:12:38 #710(main) <mqggg4>; cfg; rspamd_config_set_action_score: action add header has been already registered with priority 0, override it with new priority: 0, old score: nan
2025-01-18 14:12:38 #710(main) rspamd_regexp_library_init: pcre2 is compiled with JIT for x86 64bit (little endian + unaligned)
2025-01-18 14:12:38 #710(main) <mqggg4>; lua; lua_redis.lua:574: use default Redis settings for neural
2025-01-18 14:12:38 #710(main) <mqggg4>; lua; init.lua:58: controller plugin selectors; register webui path list_transforms
2025-01-18 14:12:38 #710(main) <mqggg4>; lua; init.lua:58: controller plugin selectors; register webui path check_message
2025-01-18 14:12:38 #710(main) <mqggg4>; lua; init.lua:58: controller plugin selectors; register webui path list_extractors
2025-01-18 14:12:38 #710(main) <mqggg4>; lua; init.lua:58: controller plugin selectors; register webui path check_selector
2025-01-18 14:12:38 #710(main) <mqggg4>; lua; init.lua:58: controller plugin neural; register webui path learn
2025-01-18 14:12:38 #710(main) <mqggg4>; lua; init.lua:58: controller plugin maps; register webui path query_specific
2025-01-18 14:12:38 #710(main) <mqggg4>; lua; init.lua:58: controller plugin maps; register webui path query
2025-01-18 14:12:38 #710(main) <mqggg4>; lua; init.lua:58: controller plugin maps; register webui path list
2025-01-18 14:12:39 #710(main) <mqggg4>; cfg; rspamd_language_detector_init: loaded 46 languages, 33122 trigramms
2025-01-18 14:12:39 #710(main) <mqggg4>; cfg; chartable_module_config: init internal chartable module
2025-01-18 14:12:39 #710(main) <mqggg4>; cfg; dkim_module_config: init internal dkim module
2025-01-18 14:12:39 #710(main) <mqggg4>; cfg; rspamd_mime_expr_parse: added condition for regexp /\b[13LM][1-9A-Za-z]{25,34}\b/AL{sa_body}
2025-01-18 14:12:39 #710(main) <mqggg4>; cfg; rspamd_mime_expr_parse: added condition for regexp /\b(?:[a-zA-Z]\w+:)?[qpzry9x8gf2tvdw0s3jn54khce6mua7l]{14,}\b/AL{sa_body}
2025-01-18 14:12:39 #710(main) <mqggg4>; cfg; regexp_module_config: init internal regexp module, 127 regexp rules and 0 lua rules are loaded
2025-01-18 14:12:39 #710(main) <mqggg4>; cfg; fuzzy_parse_rule: added fuzzy rule FUZZY_UNKNOWN, key: ef43ae80cc8d, shingles_key: ef43ae80cc8d, algorithm: mum
2025-01-18 14:12:39 #710(main) <mqggg4>; cfg; fuzzy_check_module_config: init internal fuzzy_check module, 1 rules loaded
2025-01-18 14:12:39 #710(main) <mqggg4>; lua; lua_redis.lua:574: use default Redis settings for antivirus
2025-01-18 14:12:39 #710(main) <mqggg4>; cfg; rspamd_init_lua_filters: init lua module antivirus from /usr/share/rspamd/plugins/antivirus.lua; digest: 13439b8ded
2025-01-18 14:12:39 #710(main) <mqggg4>; cfg; rspamd_init_lua_filters: init lua module arc from /usr/share/rspamd/plugins/arc.lua; digest: 5c7f784d04
2025-01-18 14:12:39 #710(main) <mqggg4>; cfg; rspamd_init_lua_filters: init lua module asn from /usr/share/rspamd/plugins/asn.lua; digest: ce91e6936f
2025-01-18 14:12:39 #710(main) <mqggg4>; cfg; rspamd_init_lua_filters: init lua module bayes_expiry from /usr/share/rspamd/plugins/bayes_expiry.lua; digest: ee3b1b1e41
2025-01-18 14:12:39 #710(main) <mqggg4>; lua; clickhouse.lua:1321: no servers are specified, disabling module
2025-01-18 14:12:39 #710(main) <mqggg4>; cfg; rspamd_init_lua_filters: init lua module clickhouse from /usr/share/rspamd/plugins/clickhouse.lua; digest: b0804b033f
2025-01-18 14:12:39 #710(main) <mqggg4>; cfg; rspamd_config_is_module_enabled: lua module clustering is enabled but has not been configured
2025-01-18 14:12:39 #710(main) <mqggg4>; cfg; rspamd_config_is_module_enabled: clustering disabling unconfigured lua module
2025-01-18 14:12:39 #710(main) <mqggg4>; cfg; rspamd_config_is_module_enabled: lua module dcc is disabled in the configuration
2025-01-18 14:12:39 #710(main) <mqggg4>; cfg; rspamd_config_is_module_enabled: lua module dkim_signing is disabled in the configuration
2025-01-18 14:12:39 #710(main) <mqggg4>; cfg; rspamd_init_lua_filters: init lua module dmarc from /usr/share/rspamd/plugins/dmarc.lua; digest: c877a4031c
2025-01-18 14:12:39 #710(main) <mqggg4>; cfg; rspamd_config_is_module_enabled: lua module dynamic_conf is enabled but has not been configured
2025-01-18 14:12:39 #710(main) <mqggg4>; cfg; rspamd_config_is_module_enabled: dynamic_conf disabling unconfigured lua module
2025-01-18 14:12:39 #710(main) <mqggg4>; lua; lua_redis.lua:574: use default Redis settings for elastic
2025-01-18 14:12:39 #710(main) <mqggg4>; lua; elastic.lua:482: no servers are specified, disabling module
2025-01-18 14:12:39 #710(main) <mqggg4>; cfg; rspamd_init_lua_filters: init lua module elastic from /usr/share/rspamd/plugins/elastic.lua; digest: 159b502b77
2025-01-18 14:12:39 #710(main) <mqggg4>; cfg; rspamd_init_lua_filters: init lua module emails from /usr/share/rspamd/plugins/emails.lua; digest: 7ecf38ef46
2025-01-18 14:12:39 #710(main) <mqggg4>; lua; lua_redis.lua:574: use default Redis settings for external_services
2025-01-18 14:12:39 #710(main) <mqggg4>; cfg; rspamd_init_lua_filters: init lua module external_services from /usr/share/rspamd/plugins/external_services.lua; digest: 112c496fb3
2025-01-18 14:12:39 #710(main) <mqggg4>; cfg; rspamd_init_lua_filters: init lua module force_actions from /usr/share/rspamd/plugins/force_actions.lua; digest: 0ea3aace5a
2025-01-18 14:12:39 #710(main) <mqggg4>; cfg; rspamd_init_lua_filters: init lua module forged_recipients from /usr/share/rspamd/plugins/forged_recipients.lua; digest: c174a4bd2f
2025-01-18 14:12:39 #710(main) <mqggg4>; cfg; rspamd_config_is_module_enabled: lua module fuzzy_collect is enabled but has not been configured
2025-01-18 14:12:39 #710(main) <mqggg4>; cfg; rspamd_config_is_module_enabled: fuzzy_collect disabling unconfigured lua module
2025-01-18 14:12:39 #710(main) <mqggg4>; cfg; rspamd_config_is_module_enabled: lua module greylist is disabled in the configuration
2025-01-18 14:12:39 #710(main) <mqggg4>; cfg; rspamd_init_lua_filters: init lua module hfilter from /usr/share/rspamd/plugins/hfilter.lua; digest: d05defaac1
2025-01-18 14:12:39 #710(main) <mqggg4>; lua; lua_redis.lua:574: use default Redis settings for history_redis
2025-01-18 14:12:39 #710(main) <mqggg4>; cfg; rspamd_init_lua_filters: init lua module history_redis from /usr/share/rspamd/plugins/history_redis.lua; digest: e26aac0644
2025-01-18 14:12:39 #710(main) <mqggg4>; cfg; rspamd_config_is_module_enabled: lua module http_headers is disabled in the configuration
2025-01-18 14:12:39 #710(main) <mqggg4>; cfg; rspamd_config_is_module_enabled: lua module ip_score is enabled but has not been configured
2025-01-18 14:12:39 #710(main) <mqggg4>; cfg; rspamd_config_is_module_enabled: ip_score disabling unconfigured lua module
2025-01-18 14:12:39 #710(main) <mqggg4>; cfg; rspamd_init_lua_filters: init lua module maillist from /usr/share/rspamd/plugins/maillist.lua; digest: 553bb408fe
2025-01-18 14:12:39 #710(main) <mqggg4>; cfg; rspamd_config_is_module_enabled: lua module maps_stats is enabled but has not been configured
2025-01-18 14:12:39 #710(main) <mqggg4>; cfg; rspamd_config_is_module_enabled: maps_stats disabling unconfigured lua module
2025-01-18 14:12:39 #710(main) <mqggg4>; cfg; rspamd_init_lua_filters: init lua module metadata_exporter from /usr/share/rspamd/plugins/metadata_exporter.lua; digest: 488583ed3f
2025-01-18 14:12:39 #710(main) <mqggg4>; cfg; rspamd_init_lua_filters: init lua module metric_exporter from /usr/share/rspamd/plugins/metric_exporter.lua; digest: c64704d4a8
2025-01-18 14:12:39 #710(main) <mqggg4>; cfg; rspamd_map_parse_backend: map '/etc/rspamd/local.d/maps.d/mid.inc' is not found, but it can be loaded automatically later
2025-01-18 14:12:39 #710(main) <mqggg4>; cfg; rspamd_map_parse_backend: map '/etc/rspamd/local.d/mid.inc' is not found, but it can be loaded automatically later
2025-01-18 14:12:39 #710(main) <mqggg4>; cfg; rspamd_init_lua_filters: init lua module mid from /usr/share/rspamd/plugins/mid.lua; digest: eaabb03713
2025-01-18 14:12:39 #710(main) <mqggg4>; lua; milter_headers.lua:655: active routines [remove-spam-flag]
2025-01-18 14:12:39 #710(main) <mqggg4>; cfg; rspamd_init_lua_filters: init lua module milter_headers from /usr/share/rspamd/plugins/milter_headers.lua; digest: 4da9da0ce6
2025-01-18 14:12:39 #710(main) <mqggg4>; cfg; rspamd_map_parse_backend: map '/etc/rspamd/local.d/maps.d/mime_types.inc.local' is not found, but it can be loaded automatically later
2025-01-18 14:12:39 #710(main) <mqggg4>; cfg; rspamd_map_parse_backend: map '/var/lib/rspamd/mime_types.inc.local' is not found, but it can be loaded automatically later
2025-01-18 14:12:39 #710(main) <mqggg4>; cfg; rspamd_init_lua_filters: init lua module mime_types from /usr/share/rspamd/plugins/mime_types.lua; digest: 0b67f0e061
2025-01-18 14:12:39 #710(main) <mqggg4>; lua; lua_redis.lua:574: use default Redis settings for multimap
2025-01-18 14:12:39 #710(main) <fdp86m>; map; rspamd_map_add: added map https://maps.rspamd.com/freemail/free.txt.zst
2025-01-18 14:12:39 #710(main) <mqggg4>; lua; multimap.lua:1252: added multimap rule: freemail_to (header)
2025-01-18 14:12:39 #710(main) <k8f914>; map; rspamd_map_add: added map https://maps.rspamd.com/freemail/disposable.txt.zst
2025-01-18 14:12:39 #710(main) <mqggg4>; lua; multimap.lua:1252: added multimap rule: disposable_from (header)
2025-01-18 14:12:39 #710(main) <mqggg4>; lua; lua_maps.lua:127: reuse url for https://maps.rspamd.com/freemail/free.txt.zst(hash)
2025-01-18 14:12:39 #710(main) <mqggg4>; lua; multimap.lua:1252: added multimap rule: freemail_envfrom (from)
2025-01-18 14:12:39 #710(main) <mqggg4>; lua; lua_maps.lua:127: reuse url for https://maps.rspamd.com/freemail/free.txt.zst(hash)
2025-01-18 14:12:39 #710(main) <mqggg4>; lua; multimap.lua:1252: added multimap rule: freemail_from (header)
2025-01-18 14:12:39 #710(main) <mqggg4>; lua; lua_maps.lua:127: reuse url for https://maps.rspamd.com/freemail/disposable.txt.zst(hash)
2025-01-18 14:12:39 #710(main) <mqggg4>; lua; multimap.lua:1252: added multimap rule: disposable_to (header)
2025-01-18 14:12:39 #710(main) <mqggg4>; lua; lua_maps.lua:127: reuse url for https://maps.rspamd.com/freemail/free.txt.zst(hash)
2025-01-18 14:12:39 #710(main) <mqggg4>; lua; multimap.lua:1252: added multimap rule: freemail_cc (header)
2025-01-18 14:12:39 #710(main) <mqggg4>; lua; lua_maps.lua:127: reuse url for https://maps.rspamd.com/freemail/free.txt.zst(hash)
2025-01-18 14:12:39 #710(main) <mqggg4>; lua; multimap.lua:1252: added multimap rule: freemail_envrcpt (rcpt)
2025-01-18 14:12:39 #710(main) <mqggg4>; lua; lua_maps.lua:127: reuse url for https://maps.rspamd.com/freemail/disposable.txt.zst(hash)
2025-01-18 14:12:39 #710(main) <mqggg4>; lua; multimap.lua:1252: added multimap rule: disposable_replyto (header)
2025-01-18 14:12:39 #710(main) <mqggg4>; lua; lua_maps.lua:127: reuse url for https://maps.rspamd.com/freemail/disposable.txt.zst(hash)
2025-01-18 14:12:39 #710(main) <mqggg4>; lua; multimap.lua:1252: added multimap rule: disposable_envfrom (from)
2025-01-18 14:12:39 #710(main) <mqggg4>; lua; lua_maps.lua:127: reuse url for https://maps.rspamd.com/freemail/disposable.txt.zst(hash)
2025-01-18 14:12:39 #710(main) <mqggg4>; lua; multimap.lua:1252: added multimap rule: disposable_cc (header)
2025-01-18 14:12:39 #710(main) <mqggg4>; lua; lua_maps.lua:127: reuse url for https://maps.rspamd.com/freemail/free.txt.zst(hash)
2025-01-18 14:12:39 #710(main) <mqggg4>; lua; multimap.lua:1252: added multimap rule: freemail_replyto (header)
2025-01-18 14:12:39 #710(main) <mqggg4>; lua; lua_maps.lua:127: reuse url for https://maps.rspamd.com/freemail/disposable.txt.zst(hash)
2025-01-18 14:12:39 #710(main) <mqggg4>; lua; multimap.lua:1252: added multimap rule: disposable_envrcpt (rcpt)
2025-01-18 14:12:39 #710(main) <mqggg4>; cfg; rspamd_init_lua_filters: init lua module multimap from /usr/share/rspamd/plugins/multimap.lua; digest: 858f0711f5
2025-01-18 14:12:39 #710(main) <mqggg4>; cfg; rspamd_config_is_module_enabled: lua module mx_check is disabled in the configuration
2025-01-18 14:12:39 #710(main) <mqggg4>; lua; neural.lua:876: register ann rule default
2025-01-18 14:12:39 #710(main) <mqggg4>; cfg; rspamd_init_lua_filters: init lua module neural from /usr/share/rspamd/plugins/neural.lua; digest: 4461fcc25c
2025-01-18 14:12:39 #710(main) <mqggg4>; cfg; rspamd_init_lua_filters: init lua module once_received from /usr/share/rspamd/plugins/once_received.lua; digest: 2e2cade379
2025-01-18 14:12:39 #710(main) <mqggg4>; cfg; rspamd_config_is_module_enabled: lua module p0f is disabled in the configuration
2025-01-18 14:12:39 #710(main) <mqggg4>; cfg; rspamd_map_parse_backend: map '/etc/rspamd/local.d/maps.d/redirectors.inc' is not found, but it can be loaded automatically later
2025-01-18 14:12:39 #710(main) <mqggg4>; cfg; rspamd_map_parse_backend: map '/etc/rspamd/local.d/redirectors.inc' is not found, but it can be loaded automatically later
2025-01-18 14:12:39 #710(main) <mqggg4>; cfg; rspamd_init_lua_filters: init lua module phishing from /usr/share/rspamd/plugins/phishing.lua; digest: e3e90faf23
2025-01-18 14:12:39 #710(main) <mqggg4>; lua; lua_redis.lua:574: use default Redis settings for ratelimit
2025-01-18 14:12:39 #710(main) <mqggg4>; cfg; rspamd_init_lua_filters: init lua module ratelimit from /usr/share/rspamd/plugins/ratelimit.lua; digest: 774963103a
2025-01-18 14:12:39 #710(main) <mqggg4>; cfg; rspamd_map_parse_backend: map '/etc/rspamd/local.d/maps.d/surbl-whitelist.inc.local' is not found, but it can be loaded automatically later
2025-01-18 14:12:39 #710(main) <mqggg4>; cfg; rspamd_map_parse_backend: map '/var/lib/rspamd/surbl-whitelist.inc.local' is not found, but it can be loaded automatically later
2025-01-18 14:12:39 #710(main) <mqggg4>; lua; rbl.lua:966: added URL whitelist for RBL SEM_URIBL_FRESH15_UNKNOWN
2025-01-18 14:12:39 #710(main) <mqggg4>; lua; rbl.lua:1019: added rbl rule SEM_URIBL_FRESH15_UNKNOWN: checks: alive,dkim,emails,urls
2025-01-18 14:12:39 #710(main) <mqggg4>; lua; rbl.lua:1019: added rbl rule BLOCKLISTDE: checks: alive,user,local,ip,received
2025-01-18 14:12:39 #710(main) <mqggg4>; lua; rbl.lua:1019: added rbl rule RCVD_IN_DNSWL: checks: alive,user,local,ip,received
2025-01-18 14:12:39 #710(main) <mqggg4>; lua; lua_maps.lua:149: reuse url for complex map definition p1tsamp7: RBL url whitelist for RSPAMD_URIBL
2025-01-18 14:12:39 #710(main) <mqggg4>; lua; rbl.lua:966: added URL whitelist for RBL RSPAMD_URIBL
2025-01-18 14:12:39 #710(main) <mqggg4>; lua; rbl.lua:1019: added rbl rule RSPAMD_URIBL: checks: alive,dkim,emails,urls
2025-01-18 14:12:39 #710(main) <mqggg4>; lua; lua_maps.lua:149: reuse url for complex map definition p1tsamp7: RBL url whitelist for DBL
2025-01-18 14:12:39 #710(main) <mqggg4>; lua; rbl.lua:966: added URL whitelist for RBL DBL
2025-01-18 14:12:39 #710(main) <mqggg4>; lua; rbl.lua:1019: added rbl rule DBL: checks: alive,dkim,emails,urls
2025-01-18 14:12:39 #710(main) <mqggg4>; lua; rbl.lua:1019: added rbl rule RBL_SENDERSCORE: checks: alive,user,local,ip
2025-01-18 14:12:39 #710(main) <mqggg4>; lua; rbl.lua:1019: added rbl rule RBL_VIRUSFREE_UNKNOWN: checks: alive,user,local,ip
2025-01-18 14:12:39 #710(main) <mqggg4>; lua; lua_maps.lua:149: reuse url for complex map definition p1tsamp7: RBL url whitelist for RSPAMD_EMAILBL
2025-01-18 14:12:39 #710(main) <mqggg4>; lua; rbl.lua:966: added URL whitelist for RBL RSPAMD_EMAILBL
2025-01-18 14:12:39 #710(main) <mqggg4>; lua; rbl.lua:1019: added rbl rule RSPAMD_EMAILBL: checks: alive,emails,replyto
2025-01-18 14:12:39 #710(main) <mqggg4>; lua; rbl.lua:1019: added rbl rule RBL_NIXSPAM: checks: alive,user,local,ip
2025-01-18 14:12:39 #710(main) <mqggg4>; lua; lua_maps.lua:149: reuse url for complex map definition p1tsamp7: RBL url whitelist for DWL_DNSWL
2025-01-18 14:12:39 #710(main) <mqggg4>; lua; rbl.lua:966: added URL whitelist for RBL DWL_DNSWL
2025-01-18 14:12:39 #710(main) <mqggg4>; lua; rbl.lua:1019: added rbl rule DWL_DNSWL: checks: alive,user,local,dkim
2025-01-18 14:12:39 #710(main) <mqggg4>; lua; lua_maps.lua:149: reuse url for complex map definition p1tsamp7: RBL url whitelist for MSBL_EBL
2025-01-18 14:12:39 #710(main) <mqggg4>; lua; rbl.lua:966: added URL whitelist for RBL MSBL_EBL
2025-01-18 14:12:39 #710(main) <mqggg4>; lua; rbl.lua:1019: added rbl rule MSBL_EBL: checks: alive,emails,replyto
2025-01-18 14:12:39 #710(main) <mqggg4>; lua; rbl.lua:1019: added rbl rule SPAMHAUS: checks: alive,user,local,ip,received
2025-01-18 14:12:39 #710(main) <mqggg4>; lua; lua_maps.lua:149: reuse url for complex map definition p1tsamp7: RBL url whitelist for SEM_URIBL_UNKNOWN
2025-01-18 14:12:39 #710(main) <mqggg4>; lua; rbl.lua:966: added URL whitelist for RBL SEM_URIBL_UNKNOWN
2025-01-18 14:12:39 #710(main) <mqggg4>; lua; rbl.lua:1019: added rbl rule SEM_URIBL_UNKNOWN: checks: alive,dkim,emails,urls
2025-01-18 14:12:39 #710(main) <mqggg4>; lua; rbl.lua:1019: added rbl rule RBL_SEM: checks: alive,user,local,ip
2025-01-18 14:12:39 #710(main) <mqggg4>; lua; lua_maps.lua:149: reuse url for complex map definition p1tsamp7: RBL url whitelist for URIBL_MULTI
2025-01-18 14:12:39 #710(main) <mqggg4>; lua; rbl.lua:966: added URL whitelist for RBL URIBL_MULTI
2025-01-18 14:12:39 #710(main) <mqggg4>; lua; rbl.lua:1019: added rbl rule URIBL_MULTI: checks: alive,dkim,emails,urls
2025-01-18 14:12:39 #710(main) <mqggg4>; lua; lua_maps.lua:149: reuse url for complex map definition p1tsamp7: RBL url whitelist for SURBL_MULTI
2025-01-18 14:12:39 #710(main) <mqggg4>; lua; rbl.lua:966: added URL whitelist for RBL SURBL_MULTI
2025-01-18 14:12:39 #710(main) <mqggg4>; lua; rbl.lua:1019: added rbl rule SURBL_MULTI: checks: alive,dkim,emails,urls
2025-01-18 14:12:39 #710(main) <mqggg4>; lua; rbl.lua:1019: added rbl rule RBL_SEM_IPV6: checks: alive,user,local,ip
2025-01-18 14:12:39 #710(main) <mqggg4>; lua; rbl.lua:1019: added rbl rule MAILSPIKE: checks: alive,user,local,ip
2025-01-18 14:12:39 #710(main) <mqggg4>; cfg; rspamd_init_lua_filters: init lua module rbl from /usr/share/rspamd/plugins/rbl.lua; digest: f999e40417
2025-01-18 14:12:39 #710(main) <mqggg4>; lua; lua_redis.lua:574: use default Redis settings for replies
2025-01-18 14:12:39 #710(main) <mqggg4>; cfg; rspamd_init_lua_filters: init lua module replies from /usr/share/rspamd/plugins/replies.lua; digest: 144d58c534
2025-01-18 14:12:39 #710(main) <mqggg4>; lua; lua_redis.lua:574: use default Redis settings for reputation
2025-01-18 14:12:39 #710(main) <mqggg4>; cfg; rspamd_init_lua_filters: init lua module reputation from /usr/share/rspamd/plugins/reputation.lua; digest: c2883c3a77
2025-01-18 14:12:39 #710(main) <mqggg4>; cfg; rspamd_config_is_module_enabled: lua module rspamd_update is disabled in the configuration
2025-01-18 14:12:39 #710(main) <mqggg4>; cfg; rspamd_init_lua_filters: init lua module settings from /usr/share/rspamd/plugins/settings.lua; digest: 094d643b66
2025-01-18 14:12:39 #710(main) <mqggg4>; cfg; rspamd_init_lua_filters: init lua module spamassassin from /usr/share/rspamd/plugins/spamassassin.lua; digest: 866ed1c471
2025-01-18 14:12:39 #710(main) <mqggg4>; cfg; rspamd_config_is_module_enabled: lua module spamtrap is disabled in the configuration
2025-01-18 14:12:39 #710(main) <mqggg4>; cfg; rspamd_init_lua_filters: init lua module spf from /usr/share/rspamd/plugins/spf.lua; digest: 1fcdf00ca4
2025-01-18 14:12:39 #710(main) <mqggg4>; lua; trie.lua:167: no tries defined
2025-01-18 14:12:39 #710(main) <mqggg4>; cfg; rspamd_init_lua_filters: init lua module trie from /usr/share/rspamd/plugins/trie.lua; digest: 21c3eed3ab
2025-01-18 14:12:39 #710(main) <mqggg4>; lua; lua_redis.lua:574: use default Redis settings for url_redirector
2025-01-18 14:12:39 #710(main) <mqggg4>; lua; url_redirector.lua:339: no redirector_hosts_map option is specified, disabling module
2025-01-18 14:12:39 #710(main) <mqggg4>; cfg; rspamd_init_lua_filters: init lua module url_redirector from /usr/share/rspamd/plugins/url_redirector.lua; digest: ea3f497c31
2025-01-18 14:12:39 #710(main) <mqggg4>; cfg; rspamd_map_parse_backend: map '/etc/rspamd/local.d/maps.d/dmarc_whitelist.inc.local' is not found, but it can be loaded automatically later
2025-01-18 14:12:39 #710(main) <mqggg4>; cfg; rspamd_map_parse_backend: map '/var/lib/rspamd/dmarc_whitelist.inc.local' is not found, but it can be loaded automatically later
2025-01-18 14:12:39 #710(main) <mqggg4>; cfg; rspamd_map_parse_backend: map '/etc/rspamd/local.d/maps.d/dkim_whitelist.inc.local' is not found, but it can be loaded automatically later
2025-01-18 14:12:39 #710(main) <mqggg4>; cfg; rspamd_map_parse_backend: map '/var/lib/rspamd/dkim_whitelist.inc.local' is not found, but it can be loaded automatically later
2025-01-18 14:12:39 #710(main) <mqggg4>; cfg; rspamd_map_parse_backend: map '/etc/rspamd/maps.d/dkim_whitelist.inc' is not found, but it can be loaded automatically later
2025-01-18 14:12:39 #710(main) <mqggg4>; cfg; rspamd_map_parse_backend: map '/etc/rspamd/local.d/maps.d/spf_whitelist.inc.local' is not found, but it can be loaded automatically later
2025-01-18 14:12:39 #710(main) <mqggg4>; cfg; rspamd_map_parse_backend: map '/var/lib/rspamd/spf_whitelist.inc.local' is not found, but it can be loaded automatically later
2025-01-18 14:12:39 #710(main) <mqggg4>; cfg; rspamd_map_parse_backend: map '/etc/rspamd/maps.d/spf_whitelist.inc' is not found, but it can be loaded automatically later
2025-01-18 14:12:39 #710(main) <mqggg4>; cfg; rspamd_map_parse_backend: map '/etc/rspamd/local.d/maps.d/spf_dkim_whitelist.inc.local' is not found, but it can be loaded automatically later
2025-01-18 14:12:39 #710(main) <mqggg4>; cfg; rspamd_map_parse_backend: map '/var/lib/rspamd/spf_dkim_whitelist.inc.local' is not found, but it can be loaded automatically later
2025-01-18 14:12:39 #710(main) <mqggg4>; cfg; rspamd_init_lua_filters: init lua module whitelist from /usr/share/rspamd/plugins/whitelist.lua; digest: 42d0cb1154
2025-01-18 14:12:39 #710(main) rspamd_url_init: start compiling of 9270 TLD suffixes; it might take a long time
2025-01-18 14:12:39 #710(main) rspamd_url_init: initialized 9251 url match suffixes from '/usr/share/rspamd/effective_tld_names.dat'
2025-01-18 14:12:39 #710(main) <daz6fz>; map; rspamd_map_add: added map /var/lib/rspamd/rspamd_dynamic
2025-01-18 14:12:39 #710(main) <mqggg4>; symcache; rspamd_symcache_load_items: cannot open file /var/lib/rspamd/symbols.cache, error 2, No such file or directory
2025-01-18 14:12:39 #710(main) <b6d9e2>; re_cache; rspamd_re_cache_init: loaded hyperscan engine with cpu tune 'generic' and features 'AVX2'
2025-01-18 14:12:39 #710(main) <b6d9e2>; re_cache; rspamd_re_cache_load_hyperscan: full hyperscan database of 174 regexps has been loaded
2025-01-18 14:12:39 #710(main) json_config_fin_cb: loaded json is not an array
2025-01-18 14:12:39 #710(main) <dyatkr>; map; rspamd_map_read_http_cached_file: read cached data for https://maps.rspamd.com/rspamd/spf_dkim_whitelist.inc.zst from /var/lib/rspamd/2368c73b937d98513ed72c4b04f4247bda43fdb5.map, 2871 bytes; next check at: 2025-01-18 16:54:40; last modified on: 2021-10-12 00:00:04; etag: (NULL)
2025-01-18 14:12:39 #710(main) <dyatkr>; map; read_map_file: /etc/rspamd/local.d/maps.d/spf_dkim_whitelist.inc.local: map file is not found; it will be read automatically if created
2025-01-18 14:12:39 #710(main) <dyatkr>; map; read_map_file: /var/lib/rspamd/spf_dkim_whitelist.inc.local: map file is not found; it will be read automatically if created
2025-01-18 14:12:39 #710(main) <dyatkr>; map; rspamd_kv_list_fin: read hash of 237 elements from https://maps.rspamd.com/rspamd/spf_dkim_whitelist.inc.zst
2025-01-18 14:12:39 #710(main) <84c5si>; map; read_map_file: /etc/rspamd/local.d/maps.d/spf_whitelist.inc.local: map file is not found; it will be read automatically if created
2025-01-18 14:12:39 #710(main) <84c5si>; map; read_map_file: /var/lib/rspamd/spf_whitelist.inc.local: map file is not found; it will be read automatically if created
2025-01-18 14:12:39 #710(main) <8m79ek>; map; read_map_file: /etc/rspamd/local.d/maps.d/dkim_whitelist.inc.local: map file is not found; it will be read automatically if created
2025-01-18 14:12:39 #710(main) <8m79ek>; map; read_map_file: /var/lib/rspamd/dkim_whitelist.inc.local: map file is not found; it will be read automatically if created
2025-01-18 14:12:39 #710(main) <qamb1r>; map; rspamd_map_read_http_cached_file: read cached data for https://maps.rspamd.com/rspamd/dmarc_whitelist_new.inc.zst from /var/lib/rspamd/877aa38dd77ed707d20b2f77d46b905b69a6295a.map, 10866 bytes; next check at: 2025-01-18 16:54:41; last modified on: 2024-07-28 21:59:46; etag: (NULL)
2025-01-18 14:12:39 #710(main) <qamb1r>; map; read_map_file: /etc/rspamd/local.d/maps.d/dmarc_whitelist.inc.local: map file is not found; it will be read automatically if created
2025-01-18 14:12:39 #710(main) <qamb1r>; map; read_map_file: /var/lib/rspamd/dmarc_whitelist.inc.local: map file is not found; it will be read automatically if created
2025-01-18 14:12:39 #710(main) <qamb1r>; map; rspamd_kv_list_fin: read hash of 787 elements from https://maps.rspamd.com/rspamd/dmarc_whitelist_new.inc.zst
2025-01-18 14:12:39 #710(main) <qbq3yk>; map; rspamd_map_read_http_cached_file: read cached data for https://maps.rspamd.com/rspamd/surbl-whitelist.inc.zst from /var/lib/rspamd/8fe64ecd161a46f91a78ece93609cb863f9f42f2.map, 11647 bytes; next check at: 2025-01-18 16:54:42; last modified on: 2018-07-28 13:40:47; etag: (NULL)
2025-01-18 14:12:39 #710(main) <qbq3yk>; map; read_map_file: /etc/rspamd/local.d/maps.d/surbl-whitelist.inc.local: map file is not found; it will be read automatically if created
2025-01-18 14:12:39 #710(main) <qbq3yk>; map; read_map_file: /var/lib/rspamd/surbl-whitelist.inc.local: map file is not found; it will be read automatically if created
2025-01-18 14:12:39 #710(main) <qbq3yk>; map; rspamd_kv_list_fin: read hash of 828 elements from https://maps.rspamd.com/rspamd/surbl-whitelist.inc.zst
2025-01-18 14:12:39 #710(main) <48y7dd>; map; read_map_file: /etc/rspamd/local.d/maps.d/redirectors.inc: map file is not found; it will be read automatically if created
2025-01-18 14:12:39 #710(main) <48y7dd>; map; read_map_file: /etc/rspamd/local.d/redirectors.inc: map file is not found; it will be read automatically if created
2025-01-18 14:12:39 #710(main) <u9r7uu>; map; rspamd_map_read_http_cached_file: read cached data for https://maps.rspamd.com/rspamd/redirectors.inc.zst from /var/lib/rspamd/f3933e67d5f9574a9eaf78cd0a8e99140ecc502e.map, 12310 bytes; next check at: 2025-01-18 16:54:41; last modified on: 2024-09-30 22:06:40; etag: (NULL)
2025-01-18 14:12:39 #710(main) <u9r7uu>; map; rspamd_kv_list_fin: read hash of 1196 elements from https://maps.rspamd.com/rspamd/redirectors.inc.zst
2025-01-18 14:12:39 #710(main) <k8f914>; map; rspamd_map_read_http_cached_file: read cached data for https://maps.rspamd.com/freemail/disposable.txt.zst from /var/lib/rspamd/ea942f35f2c82e84bdb7b8ceb34537f7dbe986eb.map, 15599 bytes; next check at: 2025-01-18 16:54:42; last modified on: 2024-09-20 19:33:31; etag: (NULL)
2025-01-18 14:12:39 #710(main) <k8f914>; map; rspamd_kv_list_fin: read hash of 1148 elements from https://maps.rspamd.com/freemail/disposable.txt.zst
2025-01-18 14:12:39 #710(main) <fdp86m>; map; rspamd_map_read_http_cached_file: read cached data for https://maps.rspamd.com/freemail/free.txt.zst from /var/lib/rspamd/65b4e39783c10c8ed89dbec4983259f22418f34d.map, 56272 bytes; next check at: 2025-01-18 16:54:42; last modified on: 2023-06-29 18:00:02; etag: (NULL)
2025-01-18 14:12:39 #710(main) <fdp86m>; map; rspamd_kv_list_fin: read hash of 4007 elements from https://maps.rspamd.com/freemail/free.txt.zst
2025-01-18 14:12:39 #710(main) <o33omj>; map; rspamd_map_read_http_cached_file: read cached data for https://maps.rspamd.com/rspamd/mime_types.inc.zst from /var/lib/rspamd/2e66b2415ec9b99aaa155761c211e51def12016e.map, 48331 bytes; next check at: 2025-01-18 16:54:41; last modified on: 2024-07-26 11:42:02; etag: (NULL)
2025-01-18 14:12:39 #710(main) <o33omj>; map; read_map_file: /etc/rspamd/local.d/maps.d/mime_types.inc.local: map file is not found; it will be read automatically if created
2025-01-18 14:12:39 #710(main) <o33omj>; map; read_map_file: /var/lib/rspamd/mime_types.inc.local: map file is not found; it will be read automatically if created
2025-01-18 14:12:39 #710(main) <o33omj>; map; rspamd_kv_list_fin: read hash of 1546 elements from https://maps.rspamd.com/rspamd/mime_types.inc.zst
2025-01-18 14:12:39 #710(main) <7n3qic>; map; rspamd_map_read_http_cached_file: read cached data for https://maps.rspamd.com/rspamd/mid.inc.zst from /var/lib/rspamd/cb5a8189726ac3a8880e1c44ed6220c6d794521b.map, 997 bytes; next check at: 2025-01-18 16:54:41; last modified on: 2024-01-02 07:38:39; etag: (NULL)
2025-01-18 14:12:39 #710(main) <7n3qic>; map; read_map_file: /etc/rspamd/local.d/maps.d/mid.inc: map file is not found; it will be read automatically if created
2025-01-18 14:12:39 #710(main) <7n3qic>; map; read_map_file: /etc/rspamd/local.d/mid.inc: map file is not found; it will be read automatically if created
2025-01-18 14:12:39 #710(main) <7n3qic>; map; rspamd_kv_list_fin: read hash of 42 elements from https://maps.rspamd.com/rspamd/mid.inc.zst
2025-01-18 14:12:39 #710(main) <4dego7>; map; read_map_static: static: read map data, 180 bytes
2025-01-18 14:12:39 #710(main) <4dego7>; map; rspamd_try_load_re_map_cache: loaded hypersan cache from /var/lib/rspamd//38dbeb91b8d8b58a43107fc6512bd654c8c1a97669e73b7579194650f0433695.hsmc (8.92KiB length) for static
2025-01-18 14:12:39 #710(main) <4dego7>; map; rspamd_re_map_finalize: hyperscan read 2 cached regular expressions from static
2025-01-18 14:12:39 #710(main) <4dego7>; map; rspamd_regexp_list_fin: read regexp list of 2 elements
2025-01-18 14:12:39 #710(main) <4dego7>; map; read_map_static: static: read map data, 2466 bytes
2025-01-18 14:12:39 #710(main) <4dego7>; map; rspamd_try_load_re_map_cache: loaded hypersan cache from /var/lib/rspamd//0402a5c3bc277ffca466995cb8420ad931d15f4ac592973a00292c88dabf3467.hsmc (231.97KiB length) for static
2025-01-18 14:12:39 #710(main) <4dego7>; map; rspamd_re_map_finalize: hyperscan read 104 cached regular expressions from static
2025-01-18 14:12:39 #710(main) <4dego7>; map; rspamd_regexp_list_fin: read regexp list of 104 elements
2025-01-18 14:12:39 #710(main) <4dego7>; map; read_map_static: static: read map data, 452 bytes
2025-01-18 14:12:39 #710(main) <4dego7>; map; rspamd_try_load_re_map_cache: loaded hypersan cache from /var/lib/rspamd//b822457bc3950ecb5d44169eb4b2697ddb62dd90dbe799d93242695be3693da2.hsmc (15.00KiB length) for static
2025-01-18 14:12:39 #710(main) <4dego7>; map; rspamd_re_map_finalize: hyperscan read 24 cached regular expressions from static
2025-01-18 14:12:39 #710(main) <4dego7>; map; rspamd_regexp_list_fin: read regexp list of 24 elements
2025-01-18 14:12:39 #710(main) <4dego7>; map; read_map_static: static: read map data, 47 bytes
2025-01-18 14:12:39 #710(main) <4dego7>; map; rspamd_try_load_re_map_cache: loaded hypersan cache from /var/lib/rspamd//3034a0483753f4fd9b1d586eda8b5b7eb0f8352dbdb2fbccd5114fcdecb80cfe.hsmc (5.97KiB length) for static
2025-01-18 14:12:39 #710(main) <4dego7>; map; rspamd_re_map_finalize: hyperscan read 2 cached regular expressions from static
2025-01-18 14:12:39 #710(main) <4dego7>; map; rspamd_regexp_list_fin: read regexp list of 2 elements
2025-01-18 14:12:39 #710(main) <4dego7>; map; read_map_static: static: read map data, 10 bytes
2025-01-18 14:12:39 #710(main) <4dego7>; map; rspamd_radix_fin: read radix trie of 1 elements: ents=1 dup=0 tbm=0 lc=3 mem=1k free=0 waste=0
2025-01-18 14:12:39 #710(main) <mqggg4>; cfg; rspamd_config_register_settings_id: register new settings id 1792875810 (whitelist)
2025-01-18 14:12:39 #710(main) <mqggg4>; lua; settings.lua:1038: loaded 1 elements of settings
2025-01-18 14:12:39 #710(main) <7ea26f>; main; main: rspamd 2.7 is starting, build id: release
2025-01-18 14:12:39 #710(main) <7ea26f>; main; main: cpu features: avx2, avx, sse2, sse3, ssse3, sse4.1, sse4.2, rdrand
2025-01-18 14:12:39 #710(main) <7ea26f>; main; main: cryptobox configuration: curve25519(libsodium), chacha20(avx2), poly1305(libsodium), siphash(libsodium), blake2(libsodium), base64(avx2)
2025-01-18 14:12:39 #710(main) <7ea26f>; main; main: libottery prf: AES-128
2025-01-18 14:12:39 #710(main) <7ea26f>; main; main: skip writing pid in no-fork mode
2025-01-18 14:12:39 #710(main) <7ea26f>; main; main: event loop initialised with backend: epoll
2025-01-18 14:12:39 #710(main) <7ea26f>; main; spawn_workers: worker of type fuzzy(localhost:11335) is disabled in the config, skip spawning
2025-01-18 14:12:39 #710(main) <7ea26f>; main; rspamd_fork_worker: prepare to fork process rspamd_proxy (0); listen on: /var/run/rspamd-proxy.sock mode=0666
2025-01-18 14:12:39 #710(main) <7ea26f>; main; rspamd_fork_worker: prepare to fork process controller (0); listen on: /var/run/rspamd-web.sock mode=0666
2025-01-18 14:12:39 #838(rspamd_proxy) <7ea26f>; main; rspamd_worker_set_limits: use system max file descriptors limit: 1024MiB cur and 1024MiB max
2025-01-18 14:12:39 #838(rspamd_proxy) <7ea26f>; main; rspamd_worker_set_limits: use system max core size limit: -1B cur and -1B max
2025-01-18 14:12:39 #838(rspamd_proxy) <7ea26f>; main; rspamd_handle_child_fork: starting rspamd_proxy process 838 (0); listen on: /var/run/rspamd-proxy.sock mode=0666
2025-01-18 14:12:39 #838(rspamd_proxy) <mqggg4>; cfg; rspamd_dns_resolv_conf_on_server: parsed nameserver 127.0.0.11 from resolv.conf
2025-01-18 14:12:39 #838(rspamd_proxy) <mqggg4>; cfg; rspamd_dns_read_hosts_file: processed host file /etc/hosts; 10 records added
2025-01-18 14:12:39 #710(main) <7ea26f>; main; rspamd_fork_worker: prepare to fork process normal (0); listen on: /var/run/rspamd-normal.sock mode=0666
2025-01-18 14:12:39 #839(controller) <7ea26f>; main; rspamd_worker_set_limits: use system max file descriptors limit: 1024MiB cur and 1024MiB max
2025-01-18 14:12:39 #839(controller) <7ea26f>; main; rspamd_worker_set_limits: use system max core size limit: -1B cur and -1B max
2025-01-18 14:12:39 #839(controller) <7ea26f>; main; rspamd_handle_child_fork: starting controller process 839 (0); listen on: /var/run/rspamd-web.sock mode=0666
2025-01-18 14:12:39 #839(controller) <mqggg4>; controller; rspamd_controller_password_sane: your normal password is not encrypted, we strongly recommend to replace it with the encrypted one
2025-01-18 14:12:39 #839(controller) <mqggg4>; controller; rspamd_controller_password_sane: enable password is not set, so you should filter controller availability by using of firewall or `secure_ip` option
2025-01-18 14:12:39 #710(main) <7ea26f>; main; rspamd_fork_worker: prepare to fork process normal (1); listen on: /var/run/rspamd-normal.sock mode=0666
2025-01-18 14:12:39 #839(controller) <mqggg4>; cfg; rspamd_dns_resolv_conf_on_server: parsed nameserver 127.0.0.11 from resolv.conf
2025-01-18 14:12:39 #840(normal) <7ea26f>; main; rspamd_worker_set_limits: use system max file descriptors limit: 1024MiB cur and 1024MiB max
2025-01-18 14:12:39 #840(normal) <7ea26f>; main; rspamd_worker_set_limits: use system max core size limit: -1B cur and -1B max
2025-01-18 14:12:39 #840(normal) <7ea26f>; main; rspamd_handle_child_fork: starting normal process 840 (0); listen on: /var/run/rspamd-normal.sock mode=0666
2025-01-18 14:12:39 #840(normal) <mqggg4>; cfg; rspamd_dns_resolv_conf_on_server: parsed nameserver 127.0.0.11 from resolv.conf
2025-01-18 14:12:39 #839(controller) <mqggg4>; cfg; rspamd_dns_read_hosts_file: processed host file /etc/hosts; 10 records added
2025-01-18 14:12:39 #840(normal) <mqggg4>; cfg; rspamd_dns_read_hosts_file: processed host file /etc/hosts; 10 records added
2025-01-18 14:12:39 #710(main) <7ea26f>; main; rspamd_fork_worker: prepare to fork process normal (2); listen on: /var/run/rspamd-normal.sock mode=0666
2025-01-18 14:12:39 #838(rspamd_proxy) <mqggg4>; lua; lua_redis.lua:1207: uploaded redis script to unix:/var/run/redis/redis.sock with id 6, sha: da3a534c5a16cf973cfab2ba50c1fb8461a87093
2025-01-18 14:12:39 #838(rspamd_proxy) <mqggg4>; lua; lua_redis.lua:1207: uploaded redis script to unix:/var/run/redis/redis.sock with id 5, sha: 3356099ff58c7e8893283c259278305d0d813a84
2025-01-18 14:12:39 #838(rspamd_proxy) <mqggg4>; lua; lua_redis.lua:1207: uploaded redis script to unix:/var/run/redis/redis.sock with id 2, sha: a43800941e2820ed8d764d50dfd9c142beddde68
2025-01-18 14:12:39 #838(rspamd_proxy) <mqggg4>; lua; lua_redis.lua:1207: uploaded redis script to unix:/var/run/redis/redis.sock with id 3, sha: 3b7b7539e4555fa579ead520dcc3a85d8a25ceab
2025-01-18 14:12:39 #838(rspamd_proxy) <mqggg4>; lua; lua_redis.lua:1207: uploaded redis script to unix:/var/run/redis/redis.sock with id 4, sha: b7bc61549b632aa0a12b5efd54e8b775e6d7f048
2025-01-18 14:12:39 #838(rspamd_proxy) <mqggg4>; lua; lua_redis.lua:1207: uploaded redis script to unix:/var/run/redis/redis.sock with id 1, sha: b2b5aaa894dc3056e6ac294e44adbd0a1ca702b6
2025-01-18 14:12:39 #841(normal) <7ea26f>; main; rspamd_worker_set_limits: use system max file descriptors limit: 1024MiB cur and 1024MiB max
2025-01-18 14:12:39 #841(normal) <7ea26f>; main; rspamd_worker_set_limits: use system max core size limit: -1B cur and -1B max
2025-01-18 14:12:39 #841(normal) <7ea26f>; main; rspamd_handle_child_fork: starting normal process 841 (1); listen on: /var/run/rspamd-normal.sock mode=0666
2025-01-18 14:12:39 #841(normal) <mqggg4>; cfg; rspamd_dns_resolv_conf_on_server: parsed nameserver 127.0.0.11 from resolv.conf
2025-01-18 14:12:39 #710(main) <7ea26f>; main; rspamd_fork_worker: prepare to fork process normal (3); listen on: /var/run/rspamd-normal.sock mode=0666
2025-01-18 14:12:39 #841(normal) <mqggg4>; cfg; rspamd_dns_read_hosts_file: processed host file /etc/hosts; 10 records added
2025-01-18 14:12:39 #842(normal) <7ea26f>; main; rspamd_worker_set_limits: use system max file descriptors limit: 1024MiB cur and 1024MiB max
2025-01-18 14:12:39 #842(normal) <7ea26f>; main; rspamd_worker_set_limits: use system max core size limit: -1B cur and -1B max
2025-01-18 14:12:39 #842(normal) <7ea26f>; main; rspamd_handle_child_fork: starting normal process 842 (2); listen on: /var/run/rspamd-normal.sock mode=0666
2025-01-18 14:12:39 #842(normal) <mqggg4>; cfg; rspamd_dns_resolv_conf_on_server: parsed nameserver 127.0.0.11 from resolv.conf
2025-01-18 14:12:39 #842(normal) <mqggg4>; cfg; rspamd_dns_read_hosts_file: processed host file /etc/hosts; 10 records added
2025-01-18 14:12:39 #710(main) <7ea26f>; main; rspamd_fork_worker: prepare to fork process hs_helper (0), no bind socket
2025-01-18 14:12:39 #840(normal) <mqggg4>; cfg; rspamd_redis_parse_classifier_opts: you are using old bayes schema for redis statistics, please consider converting it to a new one by using 'rspamadm configwizard statistics'
2025-01-18 14:12:39 #840(normal) <mqggg4>; cfg; rspamd_redis_parse_classifier_opts: you are using old bayes schema for redis statistics, please consider converting it to a new one by using 'rspamadm configwizard statistics'
2025-01-18 14:12:39 #843(normal) <7ea26f>; main; rspamd_worker_set_limits: use system max file descriptors limit: 1024MiB cur and 1024MiB max
2025-01-18 14:12:39 #843(normal) <7ea26f>; main; rspamd_worker_set_limits: use system max core size limit: -1B cur and -1B max
2025-01-18 14:12:39 #843(normal) <7ea26f>; main; rspamd_handle_child_fork: starting normal process 843 (3); listen on: /var/run/rspamd-normal.sock mode=0666
2025-01-18 14:12:39 #710(main) <7ea26f>; main; main: listening for control commands on /var/lib/rspamd/rspamd.sock
2025-01-18 14:12:39 #843(normal) <mqggg4>; cfg; rspamd_dns_resolv_conf_on_server: parsed nameserver 127.0.0.11 from resolv.conf
2025-01-18 14:12:39 #843(normal) <mqggg4>; cfg; rspamd_dns_read_hosts_file: processed host file /etc/hosts; 10 records added
2025-01-18 14:12:39 #839(controller) <mqggg4>; cfg; rspamd_redis_parse_classifier_opts: you are using old bayes schema for redis statistics, please consider converting it to a new one by using 'rspamadm configwizard statistics'
2025-01-18 14:12:39 #840(normal) <mqggg4>; lua; lua_redis.lua:1207: uploaded redis script to unix:/var/run/redis/redis.sock with id 6, sha: da3a534c5a16cf973cfab2ba50c1fb8461a87093
2025-01-18 14:12:39 #840(normal) <mqggg4>; lua; lua_redis.lua:1207: uploaded redis script to unix:/var/run/redis/redis.sock with id 5, sha: 3356099ff58c7e8893283c259278305d0d813a84
2025-01-18 14:12:39 #839(controller) <mqggg4>; cfg; rspamd_redis_parse_classifier_opts: you are using old bayes schema for redis statistics, please consider converting it to a new one by using 'rspamadm configwizard statistics'
2025-01-18 14:12:39 #844(hs_helper) <7ea26f>; main; rspamd_worker_set_limits: use system max file descriptors limit: 1024MiB cur and 1024MiB max
2025-01-18 14:12:39 #844(hs_helper) <7ea26f>; main; rspamd_worker_set_limits: use system max core size limit: -1B cur and -1B max
2025-01-18 14:12:39 #844(hs_helper) <7ea26f>; main; rspamd_handle_child_fork: starting hs_helper process 844 (0); no listen
2025-01-18 14:12:39 #840(normal) <mqggg4>; lua; lua_redis.lua:1207: uploaded redis script to unix:/var/run/redis/redis.sock with id 3, sha: 3b7b7539e4555fa579ead520dcc3a85d8a25ceab
2025-01-18 14:12:39 #840(normal) <mqggg4>; lua; lua_redis.lua:1207: uploaded redis script to unix:/var/run/redis/redis.sock with id 2, sha: a43800941e2820ed8d764d50dfd9c142beddde68
2025-01-18 14:12:39 #840(normal) <mqggg4>; lua; lua_redis.lua:1207: uploaded redis script to unix:/var/run/redis/redis.sock with id 1, sha: b2b5aaa894dc3056e6ac294e44adbd0a1ca702b6
2025-01-18 14:12:39 #840(normal) <mqggg4>; lua; lua_redis.lua:1207: uploaded redis script to unix:/var/run/redis/redis.sock with id 4, sha: b7bc61549b632aa0a12b5efd54e8b775e6d7f048
2025-01-18 14:12:39 #839(controller) <brnx44>; rrd; rspamd_rrd_open: rrd file opened: /var/lib/rspamd/rspamd.rrd
2025-01-18 14:12:39 #842(normal) <mqggg4>; cfg; rspamd_redis_parse_classifier_opts: you are using old bayes schema for redis statistics, please consider converting it to a new one by using 'rspamadm configwizard statistics'
2025-01-18 14:12:39 #842(normal) <mqggg4>; cfg; rspamd_redis_parse_classifier_opts: you are using old bayes schema for redis statistics, please consider converting it to a new one by using 'rspamadm configwizard statistics'
2025-01-18 14:12:39 #839(controller) <mqggg4>; lua; lua_redis.lua:1207: uploaded redis script to unix:/var/run/redis/redis.sock with id 2, sha: a43800941e2820ed8d764d50dfd9c142beddde68
2025-01-18 14:12:39 #839(controller) <mqggg4>; lua; lua_redis.lua:1207: uploaded redis script to unix:/var/run/redis/redis.sock with id 3, sha: 3b7b7539e4555fa579ead520dcc3a85d8a25ceab
2025-01-18 14:12:39 #842(normal) <mqggg4>; lua; lua_redis.lua:1207: uploaded redis script to unix:/var/run/redis/redis.sock with id 6, sha: da3a534c5a16cf973cfab2ba50c1fb8461a87093
2025-01-18 14:12:39 #842(normal) <mqggg4>; lua; lua_redis.lua:1207: uploaded redis script to unix:/var/run/redis/redis.sock with id 5, sha: 3356099ff58c7e8893283c259278305d0d813a84
2025-01-18 14:12:39 #839(controller) <mqggg4>; lua; lua_redis.lua:1207: uploaded redis script to unix:/var/run/redis/redis.sock with id 5, sha: 3356099ff58c7e8893283c259278305d0d813a84
2025-01-18 14:12:39 #839(controller) <mqggg4>; lua; lua_redis.lua:1207: uploaded redis script to unix:/var/run/redis/redis.sock with id 4, sha: b7bc61549b632aa0a12b5efd54e8b775e6d7f048
2025-01-18 14:12:39 #839(controller) <mqggg4>; lua; lua_redis.lua:1207: uploaded redis script to unix:/var/run/redis/redis.sock with id 6, sha: da3a534c5a16cf973cfab2ba50c1fb8461a87093
2025-01-18 14:12:39 #839(controller) <mqggg4>; lua; lua_redis.lua:1207: uploaded redis script to unix:/var/run/redis/redis.sock with id 1, sha: b2b5aaa894dc3056e6ac294e44adbd0a1ca702b6
2025-01-18 14:12:39 #842(normal) <mqggg4>; lua; lua_redis.lua:1207: uploaded redis script to unix:/var/run/redis/redis.sock with id 3, sha: 3b7b7539e4555fa579ead520dcc3a85d8a25ceab
2025-01-18 14:12:39 #842(normal) <mqggg4>; lua; lua_redis.lua:1207: uploaded redis script to unix:/var/run/redis/redis.sock with id 2, sha: a43800941e2820ed8d764d50dfd9c142beddde68
2025-01-18 14:12:39 #842(normal) <mqggg4>; lua; lua_redis.lua:1207: uploaded redis script to unix:/var/run/redis/redis.sock with id 1, sha: b2b5aaa894dc3056e6ac294e44adbd0a1ca702b6
2025-01-18 14:12:39 #842(normal) <mqggg4>; lua; lua_redis.lua:1207: uploaded redis script to unix:/var/run/redis/redis.sock with id 4, sha: b7bc61549b632aa0a12b5efd54e8b775e6d7f048
2025-01-18 14:12:39 #843(normal) <mqggg4>; cfg; rspamd_redis_parse_classifier_opts: you are using old bayes schema for redis statistics, please consider converting it to a new one by using 'rspamadm configwizard statistics'
2025-01-18 14:12:39 #843(normal) <mqggg4>; cfg; rspamd_redis_parse_classifier_opts: you are using old bayes schema for redis statistics, please consider converting it to a new one by using 'rspamadm configwizard statistics'
2025-01-18 14:12:39 #841(normal) <mqggg4>; cfg; rspamd_redis_parse_classifier_opts: you are using old bayes schema for redis statistics, please consider converting it to a new one by using 'rspamadm configwizard statistics'
2025-01-18 14:12:39 #841(normal) <mqggg4>; cfg; rspamd_redis_parse_classifier_opts: you are using old bayes schema for redis statistics, please consider converting it to a new one by using 'rspamadm configwizard statistics'
2025-01-18 14:12:39 #843(normal) <mqggg4>; lua; lua_redis.lua:1207: uploaded redis script to unix:/var/run/redis/redis.sock with id 6, sha: da3a534c5a16cf973cfab2ba50c1fb8461a87093
2025-01-18 14:12:39 #843(normal) <mqggg4>; lua; lua_redis.lua:1207: uploaded redis script to unix:/var/run/redis/redis.sock with id 5, sha: 3356099ff58c7e8893283c259278305d0d813a84
2025-01-18 14:12:39 #843(normal) <mqggg4>; lua; lua_redis.lua:1207: uploaded redis script to unix:/var/run/redis/redis.sock with id 3, sha: 3b7b7539e4555fa579ead520dcc3a85d8a25ceab
2025-01-18 14:12:39 #843(normal) <mqggg4>; lua; lua_redis.lua:1207: uploaded redis script to unix:/var/run/redis/redis.sock with id 2, sha: a43800941e2820ed8d764d50dfd9c142beddde68
2025-01-18 14:12:39 #843(normal) <mqggg4>; lua; lua_redis.lua:1207: uploaded redis script to unix:/var/run/redis/redis.sock with id 1, sha: b2b5aaa894dc3056e6ac294e44adbd0a1ca702b6
2025-01-18 14:12:39 #843(normal) <mqggg4>; lua; lua_redis.lua:1207: uploaded redis script to unix:/var/run/redis/redis.sock with id 4, sha: b7bc61549b632aa0a12b5efd54e8b775e6d7f048
2025-01-18 14:12:39 #841(normal) <mqggg4>; lua; lua_redis.lua:1207: uploaded redis script to unix:/var/run/redis/redis.sock with id 4, sha: b7bc61549b632aa0a12b5efd54e8b775e6d7f048
2025-01-18 14:12:39 #841(normal) <mqggg4>; lua; lua_redis.lua:1207: uploaded redis script to unix:/var/run/redis/redis.sock with id 1, sha: b2b5aaa894dc3056e6ac294e44adbd0a1ca702b6
2025-01-18 14:12:39 #841(normal) <mqggg4>; lua; lua_redis.lua:1207: uploaded redis script to unix:/var/run/redis/redis.sock with id 2, sha: a43800941e2820ed8d764d50dfd9c142beddde68
2025-01-18 14:12:39 #841(normal) <mqggg4>; lua; lua_redis.lua:1207: uploaded redis script to unix:/var/run/redis/redis.sock with id 3, sha: 3b7b7539e4555fa579ead520dcc3a85d8a25ceab
2025-01-18 14:12:39 #841(normal) <mqggg4>; lua; lua_redis.lua:1207: uploaded redis script to unix:/var/run/redis/redis.sock with id 5, sha: 3356099ff58c7e8893283c259278305d0d813a84
2025-01-18 14:12:39 #841(normal) <mqggg4>; lua; lua_redis.lua:1207: uploaded redis script to unix:/var/run/redis/redis.sock with id 6, sha: da3a534c5a16cf973cfab2ba50c1fb8461a87093
2025-01-18 14:12:39 #839(controller) <prfoy8>; monitored; rspamd_monitored_dns_cb: DNS reply returned 'no error' for list.dnswl.org while 'no records with this name' was expected when querying for '1.0.0.127.list.dnswl.org'(likely DNS spoofing or BL internal issues)
2025-01-18 14:12:39 #839(controller) <k4k3se>; monitored; rspamd_monitored_dns_cb: DNS reply returned 'no error' for bl.score.senderscore.com while 'no records with this name' was expected when querying for '1.0.0.127.bl.score.senderscore.com'(likely DNS spoofing or BL internal issues)
2025-01-18 14:12:39 #839(controller) <imhkkk>; monitored; rspamd_monitored_dns_cb: DNS query blocked on multi.uribl.com (127.0.0.1 returned), possibly due to high volume
2025-01-18 14:12:39 #839(controller) <1ccygw>; monitored; rspamd_monitored_dns_cb: DNS reply returned 'no error' for dwl.dnswl.org while 'no records with this name' was expected when querying for '5PLvXQLj8H3MZzoTLvh6.dwl.dnswl.org'(likely DNS spoofing or BL internal issues)
2025-01-18 14:12:43 #710(main) <7ea26f>; main; rspamd_control_handler: accepted control connection from /var/lib/rspamd/rspamd.sock
2025-01-18 14:12:43 #710(main) <7ea26f>; main; rspamd_control_connection_close: finished connection from /var/lib/rspamd/rspamd.sock
2025-01-18 14:12:44 #844(hs_helper) rspamd_rs_compile_cb: compiled 0 regular expressions to the hyperscan tree, postpone loaded notification for 1 seconds to avoid races
2025-01-18 14:13:14 #839(controller) <prfoy8>; monitored; rspamd_monitored_dns_cb: DNS reply returned 'no error' for list.dnswl.org while 'no records with this name' was expected when querying for '1.0.0.127.list.dnswl.org'(likely DNS spoofing or BL internal issues)
2025-01-18 14:13:17 #839(controller) <1ccygw>; monitored; rspamd_monitored_dns_cb: DNS reply returned 'no error' for dwl.dnswl.org while 'no records with this name' was expected when querying for 'G6xN72jw-1.dwl.dnswl.org'(likely DNS spoofing or BL internal issues)
2025-01-18 14:13:24 #839(controller) <imhkkk>; monitored; rspamd_monitored_dns_cb: DNS query blocked on multi.uribl.com (127.0.0.1 returned), possibly due to high volume
2025-01-18 14:13:29 #839(controller) <k4k3se>; monitored; rspamd_monitored_dns_cb: DNS reply returned 'no error' for bl.score.senderscore.com while 'no records with this name' was expected when querying for '1.0.0.127.bl.score.senderscore.com'(likely DNS spoofing or BL internal issues)
2025-01-18 14:13:36 #839(controller) <1ccygw>; monitored; rspamd_monitored_dns_cb: DNS reply returned 'no error' for dwl.dnswl.org while 'no records with this name' was expected when querying for 'c3aRb09k.dwl.dnswl.org'(likely DNS spoofing or BL internal issues)
2025-01-18 14:13:40 #839(controller) <prfoy8>; monitored; rspamd_monitored_dns_cb: DNS reply returned 'no error' for list.dnswl.org while 'no records with this name' was expected when querying for '1.0.0.127.list.dnswl.org'(likely DNS spoofing or BL internal issues)
2025-01-18 14:13:42 #839(controller) <imhkkk>; monitored; rspamd_monitored_dns_cb: DNS query blocked on multi.uribl.com (127.0.0.1 returned), possibly due to high volume
2025-01-18 14:13:44 #710(main) <7ea26f>; main; rspamd_control_handler: accepted control connection from /var/lib/rspamd/rspamd.sock
2025-01-18 14:13:44 #710(main) <7ea26f>; main; rspamd_control_connection_close: finished connection from /var/lib/rspamd/rspamd.sock
2025-01-18 14:13:49 #839(controller) <k4k3se>; monitored; rspamd_monitored_dns_cb: DNS reply returned 'no error' for bl.score.senderscore.com while 'no records with this name' was expected when querying for '1.0.0.127.bl.score.senderscore.com'(likely DNS spoofing or BL internal issues)
2025-01-18 14:13:50 #839(controller) <1ccygw>; monitored; rspamd_monitored_dns_cb: DNS reply returned 'no error' for dwl.dnswl.org while 'no records with this name' was expected when querying for 'lFJjShVtYHB.dwl.dnswl.org'(likely DNS spoofing or BL internal issues)
2025-01-18 14:13:50 #839(controller) <1ccygw>; monitored; rspamd_monitored_propagate_error: invalid return on resolving dwl.dnswl.org, disable object
2025-01-18 14:13:50 #839(controller) <mqggg4>; cfg; rspamd_worker_monitored_on_change: broadcast monitored update for 1ccygwo8byjjy64p53ed6j3sxizfgnr: dead
2025-01-18 14:13:50 #843(normal) <mqggg4>; cfg; rspamd_worker_monitored_handler: updated monitored status for 1ccygwo8byjjy64p53ed6j3sxizfgnr: dead
2025-01-18 14:13:50 #840(normal) <mqggg4>; cfg; rspamd_worker_monitored_handler: updated monitored status for 1ccygwo8byjjy64p53ed6j3sxizfgnr: dead
2025-01-18 14:13:50 #841(normal) <mqggg4>; cfg; rspamd_worker_monitored_handler: updated monitored status for 1ccygwo8byjjy64p53ed6j3sxizfgnr: dead
2025-01-18 14:13:50 #842(normal) <mqggg4>; cfg; rspamd_worker_monitored_handler: updated monitored status for 1ccygwo8byjjy64p53ed6j3sxizfgnr: dead
2025-01-18 14:13:55 #839(controller) <prfoy8>; monitored; rspamd_monitored_dns_cb: DNS reply returned 'no error' for list.dnswl.org while 'no records with this name' was expected when querying for '1.0.0.127.list.dnswl.org'(likely DNS spoofing or BL internal issues)
2025-01-18 14:13:55 #839(controller) <prfoy8>; monitored; rspamd_monitored_propagate_error: invalid return on resolving list.dnswl.org, disable object
2025-01-18 14:13:55 #839(controller) <mqggg4>; cfg; rspamd_worker_monitored_on_change: broadcast monitored update for prfoy8xmhfi33r1b3ihzsex76bn8yqq: dead
2025-01-18 14:13:55 #842(normal) <mqggg4>; cfg; rspamd_worker_monitored_handler: updated monitored status for prfoy8xmhfi33r1b3ihzsex76bn8yqq: dead
2025-01-18 14:13:55 #840(normal) <mqggg4>; cfg; rspamd_worker_monitored_handler: updated monitored status for prfoy8xmhfi33r1b3ihzsex76bn8yqq: dead
2025-01-18 14:13:55 #841(normal) <mqggg4>; cfg; rspamd_worker_monitored_handler: updated monitored status for prfoy8xmhfi33r1b3ihzsex76bn8yqq: dead
2025-01-18 14:13:55 #843(normal) <mqggg4>; cfg; rspamd_worker_monitored_handler: updated monitored status for prfoy8xmhfi33r1b3ihzsex76bn8yqq: dead
2025-01-18 14:13:56 #839(controller) <imhkkk>; monitored; rspamd_monitored_dns_cb: DNS query blocked on multi.uribl.com (127.0.0.1 returned), possibly due to high volume
2025-01-18 14:13:56 #839(controller) <imhkkk>; monitored; rspamd_monitored_propagate_error: invalid return on resolving multi.uribl.com, disable object
2025-01-18 14:13:56 #839(controller) <mqggg4>; cfg; rspamd_worker_monitored_on_change: broadcast monitored update for imhkkkzu76dtxr3ajyrpn947zwx9kfa: dead
2025-01-18 14:13:56 #842(normal) <mqggg4>; cfg; rspamd_worker_monitored_handler: updated monitored status for imhkkkzu76dtxr3ajyrpn947zwx9kfa: dead
2025-01-18 14:13:56 #840(normal) <mqggg4>; cfg; rspamd_worker_monitored_handler: updated monitored status for imhkkkzu76dtxr3ajyrpn947zwx9kfa: dead
2025-01-18 14:13:56 #841(normal) <mqggg4>; cfg; rspamd_worker_monitored_handler: updated monitored status for imhkkkzu76dtxr3ajyrpn947zwx9kfa: dead
2025-01-18 14:13:56 #843(normal) <mqggg4>; cfg; rspamd_worker_monitored_handler: updated monitored status for imhkkkzu76dtxr3ajyrpn947zwx9kfa: dead
2025-01-18 14:14:00 #839(controller) <k4k3se>; monitored; rspamd_monitored_dns_cb: DNS reply returned 'no error' for bl.score.senderscore.com while 'no records with this name' was expected when querying for '1.0.0.127.bl.score.senderscore.com'(likely DNS spoofing or BL internal issues)
2025-01-18 14:14:00 #839(controller) <k4k3se>; monitored; rspamd_monitored_propagate_error: invalid return on resolving bl.score.senderscore.com, disable object
2025-01-18 14:14:00 #839(controller) <mqggg4>; cfg; rspamd_worker_monitored_on_change: broadcast monitored update for k4k3seyr7s6brg5nwxd8cuwfokax64x: dead
2025-01-18 14:14:00 #843(normal) <mqggg4>; cfg; rspamd_worker_monitored_handler: updated monitored status for k4k3seyr7s6brg5nwxd8cuwfokax64x: dead
2025-01-18 14:14:00 #841(normal) <mqggg4>; cfg; rspamd_worker_monitored_handler: updated monitored status for k4k3seyr7s6brg5nwxd8cuwfokax64x: dead
2025-01-18 14:14:00 #840(normal) <mqggg4>; cfg; rspamd_worker_monitored_handler: updated monitored status for k4k3seyr7s6brg5nwxd8cuwfokax64x: dead
2025-01-18 14:14:00 #842(normal) <mqggg4>; cfg; rspamd_worker_monitored_handler: updated monitored status for k4k3seyr7s6brg5nwxd8cuwfokax64x: dead
2025-01-18 14:14:44 #710(main) <7ea26f>; main; rspamd_control_handler: accepted control connection from /var/lib/rspamd/rspamd.sock
2025-01-18 14:14:44 #710(main) <7ea26f>; main; rspamd_control_connection_close: finished connection from /var/lib/rspamd/rspamd.sock
2025-01-18 14:15:13 #839(controller) <prfoy8>; monitored; rspamd_monitored_dns_cb: DNS reply returned 'no error' for list.dnswl.org while 'no records with this name' was expected when querying for '1.0.0.127.list.dnswl.org'(likely DNS spoofing or BL internal issues)
2025-01-18 14:15:34 #839(controller) <1ccygw>; monitored; rspamd_monitored_dns_cb: DNS reply returned 'no error' for dwl.dnswl.org while 'no records with this name' was expected when querying for 'DgNLAKSX.dwl.dnswl.org'(likely DNS spoofing or BL internal issues)
2025-01-18 14:15:44 #710(main) <7ea26f>; main; rspamd_control_handler: accepted control connection from /var/lib/rspamd/rspamd.sock
2025-01-18 14:15:44 #710(main) <7ea26f>; main; rspamd_control_connection_close: finished connection from /var/lib/rspamd/rspamd.sock
2025-01-18 14:15:45 #839(controller) <imhkkk>; monitored; rspamd_monitored_dns_cb: DNS query blocked on multi.uribl.com (127.0.0.1 returned), possibly due to high volume
2025-01-18 14:15:51 #839(controller) <k4k3se>; monitored; rspamd_monitored_dns_cb: DNS reply returned 'no error' for bl.score.senderscore.com while 'no records with this name' was expected when querying for '1.0.0.127.bl.score.senderscore.com'(likely DNS spoofing or BL internal issues)
2025-01-18 14:16:44 #710(main) <7ea26f>; main; rspamd_control_handler: accepted control connection from /var/lib/rspamd/rspamd.sock
2025-01-18 14:16:44 #710(main) <7ea26f>; main; rspamd_control_connection_close: finished connection from /var/lib/rspamd/rspamd.sock
2025-01-18 14:17:33 #839(controller) <prfoy8>; monitored; rspamd_monitored_dns_cb: DNS reply returned 'no error' for list.dnswl.org while 'no records with this name' was expected when querying for '1.0.0.127.list.dnswl.org'(likely DNS spoofing or BL internal issues)
2025-01-18 14:17:45 #710(main) <7ea26f>; main; rspamd_control_handler: accepted control connection from /var/lib/rspamd/rspamd.sock
2025-01-18 14:17:45 #710(main) <7ea26f>; main; rspamd_control_connection_close: finished connection from /var/lib/rspamd/rspamd.sock
2025-01-18 14:18:45 #710(main) <7ea26f>; main; rspamd_control_handler: accepted control connection from /var/lib/rspamd/rspamd.sock
2025-01-18 14:18:45 #710(main) <7ea26f>; main; rspamd_control_connection_close: finished connection from /var/lib/rspamd/rspamd.sock
2025-01-18 14:19:11 #839(controller) <imhkkk>; monitored; rspamd_monitored_dns_cb: DNS query blocked on multi.uribl.com (127.0.0.1 returned), possibly due to high volume
2025-01-18 14:19:11 #839(controller) <1ccygw>; monitored; rspamd_monitored_dns_cb: DNS reply returned 'no error' for dwl.dnswl.org while 'no records with this name' was expected when querying for 'g09ZEl4y.dwl.dnswl.org'(likely DNS spoofing or BL internal issues)
2025-01-18 14:19:45 #710(main) <7ea26f>; main; rspamd_control_handler: accepted control connection from /var/lib/rspamd/rspamd.sock
2025-01-18 14:19:45 #710(main) <7ea26f>; main; rspamd_control_connection_close: finished connection from /var/lib/rspamd/rspamd.sock
2025-01-18 14:19:49 #839(controller) <k4k3se>; monitored; rspamd_monitored_dns_cb: DNS reply returned 'no error' for bl.score.senderscore.com while 'no records with this name' was expected when querying for '1.0.0.127.bl.score.senderscore.com'(likely DNS spoofing or BL internal issues)
2025-01-18 14:20:46 #710(main) <7ea26f>; main; rspamd_control_handler: accepted control connection from /var/lib/rspamd/rspamd.sock
2025-01-18 14:20:46 #710(main) <7ea26f>; main; rspamd_control_connection_close: finished connection from /var/lib/rspamd/rspamd.sock
2025-01-18 14:21:46 #710(main) <7ea26f>; main; rspamd_control_handler: accepted control connection from /var/lib/rspamd/rspamd.sock
2025-01-18 14:21:46 #710(main) <7ea26f>; main; rspamd_control_connection_close: finished connection from /var/lib/rspamd/rspamd.sock
2025-01-18 14:22:46 #710(main) <7ea26f>; main; rspamd_control_handler: accepted control connection from /var/lib/rspamd/rspamd.sock
2025-01-18 14:22:46 #710(main) <7ea26f>; main; rspamd_control_connection_close: finished connection from /var/lib/rspamd/rspamd.sock
2025-01-18 14:23:19 #839(controller) <1ccygw>; monitored; rspamd_monitored_dns_cb: DNS reply returned 'no error' for dwl.dnswl.org while 'no records with this name' was expected when querying for 'BwlU8aBygOlC_IvigbKxPRh_S_ZftdV.dwl.dnswl.org'(likely DNS spoofing or BL internal issues)
2025-01-18 14:23:46 #710(main) <7ea26f>; main; rspamd_control_handler: accepted control connection from /var/lib/rspamd/rspamd.sock
2025-01-18 14:23:46 #710(main) <7ea26f>; main; rspamd_control_connection_close: finished connection from /var/lib/rspamd/rspamd.sock
2025-01-18 14:24:47 #710(main) <7ea26f>; main; rspamd_control_handler: accepted control connection from /var/lib/rspamd/rspamd.sock
2025-01-18 14:24:47 #710(main) <7ea26f>; main; rspamd_control_connection_close: finished connection from /var/lib/rspamd/rspamd.sock
2025-01-18 14:24:56 #839(controller) <imhkkk>; monitored; rspamd_monitored_dns_cb: DNS query blocked on multi.uribl.com (127.0.0.1 returned), possibly due to high volume
2025-01-18 14:25:05 #839(controller) <prfoy8>; monitored; rspamd_monitored_dns_cb: DNS reply returned 'no error' for list.dnswl.org while 'no records with this name' was expected when querying for '1.0.0.127.list.dnswl.org'(likely DNS spoofing or BL internal issues)
2025-01-18 14:25:47 #710(main) <7ea26f>; main; rspamd_control_handler: accepted control connection from /var/lib/rspamd/rspamd.sock
2025-01-18 14:25:47 #710(main) <7ea26f>; main; rspamd_control_connection_close: finished connection from /var/lib/rspamd/rspamd.sock
2025-01-18 14:26:26 #839(controller) <k4k3se>; monitored; rspamd_monitored_dns_cb: DNS reply returned 'no error' for bl.score.senderscore.com while 'no records with this name' was expected when querying for '1.0.0.127.bl.score.senderscore.com'(likely DNS spoofing or BL internal issues)
2025-01-18 14:26:47 #710(main) <7ea26f>; main; rspamd_control_handler: accepted control connection from /var/lib/rspamd/rspamd.sock
2025-01-18 14:26:47 #710(main) <7ea26f>; main; rspamd_control_connection_close: finished connection from /var/lib/rspamd/rspamd.sock
2025-01-18 14:27:48 #710(main) <7ea26f>; main; rspamd_control_handler: accepted control connection from /var/lib/rspamd/rspamd.sock
2025-01-18 14:27:48 #710(main) <7ea26f>; main; rspamd_control_connection_close: finished connection from /var/lib/rspamd/rspamd.sock
2025-01-18 14:28:48 #710(main) <7ea26f>; main; rspamd_control_handler: accepted control connection from /var/lib/rspamd/rspamd.sock
2025-01-18 14:28:48 #710(main) <7ea26f>; main; rspamd_control_connection_close: finished connection from /var/lib/rspamd/rspamd.sock
2025-01-18 14:29:48 #710(main) <7ea26f>; main; rspamd_control_handler: accepted control connection from /var/lib/rspamd/rspamd.sock
2025-01-18 14:29:48 #710(main) <7ea26f>; main; rspamd_control_connection_close: finished connection from /var/lib/rspamd/rspamd.sock
2025-01-18 14:30:49 #710(main) <7ea26f>; main; rspamd_control_handler: accepted control connection from /var/lib/rspamd/rspamd.sock
2025-01-18 14:30:49 #710(main) <7ea26f>; main; rspamd_control_connection_close: finished connection from /var/lib/rspamd/rspamd.sock
2025-01-18 14:31:43 #710(main) <7ea26f>; main; rspamd_term_handler: catch termination signal, waiting for 7 children for 16.00 seconds
2025-01-18 14:31:43 #839(controller) <7ea26f>; main; rspamd_worker_term_handler: terminating after receiving signal Terminated
2025-01-18 14:31:43 #841(normal) <7ea26f>; main; rspamd_worker_term_handler: terminating after receiving signal Terminated
2025-01-18 14:31:43 #839(controller) rspamd_controller_on_terminate: closing rrd file: /var/lib/rspamd/rspamd.rrd
2025-01-18 14:31:43 #843(normal) <7ea26f>; main; rspamd_worker_term_handler: terminating after receiving signal Terminated
2025-01-18 14:31:43 #840(normal) <7ea26f>; main; rspamd_worker_term_handler: terminating after receiving signal Terminated
2025-01-18 14:31:43 #842(normal) <7ea26f>; main; rspamd_worker_term_handler: terminating after receiving signal Terminated
2025-01-18 14:31:43 #838(rspamd_proxy) <7ea26f>; main; rspamd_worker_term_handler: terminating after receiving signal Terminated
2025-01-18 14:31:43 #844(hs_helper) <7ea26f>; main; rspamd_worker_term_handler: terminating after receiving signal Terminated
2025-01-18 14:31:43 #710(main) <7ea26f>; main; rspamd_check_termination_clause: normal process 841 terminated normally
2025-01-18 14:31:43 #710(main) <7ea26f>; main; rspamd_cld_handler: do not respawn process normal after found terminated process with pid 841
2025-01-18 14:31:43 #710(main) <7ea26f>; main; rspamd_check_termination_clause: normal process 842 terminated normally
2025-01-18 14:31:43 #710(main) <7ea26f>; main; rspamd_cld_handler: do not respawn process normal after found terminated process with pid 842
2025-01-18 14:31:43 #710(main) <7ea26f>; main; rspamd_check_termination_clause: normal process 843 terminated normally
2025-01-18 14:31:43 #710(main) <7ea26f>; main; rspamd_cld_handler: do not respawn process normal after found terminated process with pid 843
2025-01-18 14:31:43 #710(main) <7ea26f>; main; rspamd_check_termination_clause: controller process 839 terminated normally
2025-01-18 14:31:43 #710(main) <7ea26f>; main; rspamd_cld_handler: do not respawn process controller after found terminated process with pid 839
2025-01-18 14:31:43 #710(main) <7ea26f>; main; rspamd_check_termination_clause: normal process 840 terminated normally
2025-01-18 14:31:43 #710(main) <7ea26f>; main; rspamd_cld_handler: do not respawn process normal after found terminated process with pid 840
2025-01-18 14:31:43 #710(main) <7ea26f>; main; rspamd_check_termination_clause: hs_helper process 844 terminated normally
2025-01-18 14:31:43 #710(main) <7ea26f>; main; rspamd_cld_handler: do not respawn process hs_helper after found terminated process with pid 844
2025-01-18 14:31:43 #710(main) <7ea26f>; main; rspamd_check_termination_clause: rspamd_proxy process 838 terminated normally
2025-01-18 14:31:43 #710(main) <7ea26f>; main; rspamd_cld_handler: do not respawn process rspamd_proxy after found terminated process with pid 838
2025-01-18 14:31:44 #710(main) <7ea26f>; main; main: terminating...
